name,age,street,city,state,zip,lng,lat
Anthony Meyer,67,68907 Larry Fall,Jenniferfurt,Washington,70148,54.788413,-85.9076855
Shane Cross,63,13604 Anthony Burg,Brianberg,North Carolina,53888,150.505926,59.8429015
Karen Powell,25,8833 Lori Bypass Apt. 949,Mcgeetown,Massachusetts,32901,-142.008282,-84.507251
Cathy Aguilar,67,35904 Taylor Summit Apt. 057,Lake Julie,New York,27419,-53.005204,30.500851
Douglas Taylor,32,976 Nguyen Run Apt. 778,Davisborough,Louisiana,71611,-82.893087,-55.0133255
William Patel,58,48476 Bell Ferry,East Kathrynview,Pennsylvania,59275,-63.628760,43.748447
Jason Harvey,30,393 Thomas Spring,East Haley,Texas,24879,-130.627781,-78.9472175
Virginia Shah,18,028 Johnson Glens Apt. 961,New Angelberg,North Dakota,60786,143.805732,49.7789805
Colin Perez,20,158 Paul Harbors,South Randy,Idaho,37710,70.911938,19.766652
Sabrina Mills,36,68175 Jones Lakes Suite 647,West Christopherstad,Montana,77905,172.477028,-14.575707
Julie Turner,58,905 Hill Well,East David,Florida,79576,-122.827264,-1.6300685
Justin Nielsen,31,62320 Wyatt Roads Suite 396,New Robinburgh,Maine,41678,-155.340588,37.9704665
Laurie Simpson,55,91987 Saunders Stravenue Suite 576,Port Erinville,Vermont,69535,167.511892,20.5502555
Melissa Lowe,30,5153 Tracy Locks,North Kayla,Delaware,18387,-143.365715,53.3633085
Daniel Herrera,66,2610 Morgan Flat,East Mark,Vermont,66062,80.653556,-81.7213665
Thomas Larsen,67,213 Ryan Villages,Robertsmouth,Idaho,90675,30.829910,2.960683
Kevin Gardner,69,6076 Mendez Fort Apt. 946,East Dianeburgh,Oregon,34571,-44.499947,63.7146555
Kevin Harris,40,27715 Logan Well Suite 818,West Allison,South Carolina,24050,55.128047,-80.8937525
Lindsey Harris,45,998 Smith Land Suite 872,Mollyland,Alabama,47172,-30.455873,-60.1037155
Penny Gray,35,7615 Munoz Land,East Jermaineview,Pennsylvania,26671,-168.637115,24.0204715
Devin Kennedy,49,819 Christopher Brook,Port Heathershire,Arizona,20306,109.138439,-36.8008075
Christine Freeman,43,87169 Allen Junction,Brandichester,Oklahoma,76709,130.839422,32.9658885
Kimberly Nguyen,75,8134 Kathy Mall,New David,South Dakota,02208,-64.822841,-84.2874875
Michael Mclaughlin,68,521 Franklin Row,Tannerborough,Kansas,01260,-107.959418,-54.277396
Anna Garcia,46,998 Ricardo Circle,Michaelton,Minnesota,45761,29.127813,-69.6299865
Nicole Webb,33,226 Kyle Loaf Suite 837,West Alexside,Texas,19742,-47.540956,-22.2546945
Patricia Patrick,26,9123 Bradley Gateway Apt. 322,North Garyberg,Alaska,82563,-85.434064,48.803279
Lori Castro,76,419 Katherine Villages,West Tiffany,Tennessee,65774,-105.549136,24.2995845
Ruben Anderson,77,630 Darrell Field,Stephanietown,North Carolina,93758,21.961530,-75.839523
Clayton Jackson,33,61359 Ana Heights Apt. 457,South Derrick,Utah,07627,138.802785,-24.603165
Taylor Jones,64,8382 Santana Club Apt. 608,Andrewport,Missouri,45784,-167.086596,-4.666721
Lisa Pacheco,37,687 Tran Turnpike Apt. 961,New Michael,New Hampshire,76851,46.909962,-72.0701945
Judith Villarreal,77,281 Lee Common Apt. 875,Jacksonberg,Alaska,27947,-41.039634,9.8665945
Carlos Smith,73,229 Christina Valleys Apt. 449,North Tamara,Kentucky,98527,-96.802584,28.731177
Daniel Sandoval,78,6296 Ward Oval,Santiagostad,Mississippi,06600,99.292339,-43.9944875
Jenny Gates,21,24670 Rhonda Street,West Jeffreyfurt,Mississippi,56859,-164.902183,-76.5948415
Ashley Davis,22,298 Wright Centers Apt. 815,Shafferfort,Mississippi,21864,28.715637,26.651905
Steven Patton,45,0682 Marcus Fords,New Brittanystad,Kentucky,33866,-42.663372,24.407940
John Gill,58,9787 Chung Expressway,Jamestown,Minnesota,37142,140.775459,12.0114775
Nathan Short,28,1608 Castro Mall,Tranfurt,North Carolina,67275,-159.297995,18.7217665
Roger Wright,61,7639 Ellis Field,North Katherine,Illinois,06735,13.674340,21.095601
Mark White,29,66192 Burton Stravenue,Morrismouth,South Dakota,43131,-124.554051,-83.401324
Timothy Young,71,632 Henry Lights,Hannahhaven,California,18165,66.705094,-8.1319725
Natasha Escobar,65,3655 Elijah Mall Apt. 635,East Andrea,Vermont,90232,-124.696839,-24.084233
Matthew Wiggins,41,47561 Andrea Shores Suite 370,Lewishaven,Louisiana,17459,-38.602833,10.8433995
Tiffany Hurst,32,108 Jasmine Highway Suite 245,East Dustinville,New Mexico,98133,-77.525239,-18.9364095
Jeffrey Garcia,73,8147 Thomas Way,Coltonport,Nevada,93019,105.730605,-83.158709
Melinda Lambert,61,53040 Hartman Prairie Apt. 386,Orrmouth,Arkansas,16179,-35.525679,-51.0455535
Tyler Ruiz,24,8714 Pena Inlet Suite 647,South Cristianbury,Oregon,04537,-11.863368,74.877814
Colleen Munoz,21,439 Joseph Freeway,Deborahland,Virginia,85529,176.481186,58.357666
Garrett Smith,26,5477 Gomez Highway,North Alexberg,Louisiana,48222,118.614375,-75.898854
Lauren Cross,33,20189 Wallace Stream,Amymouth,Indiana,90652,33.357789,47.588805
Michelle Sweeney PhD,75,80406 Marie Mountain,North Tonya,Montana,53048,53.675067,49.138336
Alan Snyder,41,07414 Haney Street Suite 262,North Debra,Connecticut,64178,-10.776889,26.1957695
Michael Wright,41,5689 Donovan Overpass Suite 719,South Anthony,Delaware,71765,-130.562538,5.6061745
Jordan Lee,68,323 Joseph Heights Suite 528,Nicoleside,Kentucky,24148,-25.131490,14.6670965
Jason Hill,54,945 Reed Bypass Suite 977,Port Christopherborough,Rhode Island,53471,179.740444,-36.0682575
Joshua Brown,67,225 Hines Vista,Lake Michael,Hawaii,35211,-45.498952,-58.670379
Jenna Vargas,21,0522 Perez Shore,Pruittfort,Nevada,79692,82.897998,-32.2388235
Katrina Brown,25,1680 Christian Trace,Thomasport,Louisiana,69683,-46.740684,56.4396915
Doris Neal,36,05072 Vasquez Ports,Lestertown,Georgia,17040,-93.179899,41.931609
Logan Simon,45,8670 Rodriguez Burgs,Floreston,Maryland,14718,-125.971596,52.742355
Cheryl Garcia,65,35482 Chung Cliff,Port Aaron,Delaware,49566,-53.225249,7.8683715
Carlos Bennett,26,4787 Edwin Green Apt. 246,Dunnview,Louisiana,58711,19.444086,-75.2012795
Katelyn Luna,78,47469 Debbie Fields,Amyview,Montana,21353,104.853920,21.794798
Heather Monroe,36,94949 Harris Springs,Kimberlyport,Massachusetts,58442,31.991375,86.8010305
Charles Ayala,33,9561 Nelson Port,Carlsonbury,Illinois,48055,-92.026521,-23.075493
Timothy Scott,79,3278 Linda Mission,Jacobton,Utah,81783,165.971612,86.614086
Brenda Rodriguez,64,80812 Adams Passage Suite 056,East Luis,New York,87948,130.754557,16.595005
Christian Sullivan,42,660 Hall Lights Apt. 626,Smithton,Pennsylvania,02819,109.804243,49.777339
Donald Cox,35,67077 James Ways,New Crystal,Mississippi,77194,-73.297436,-52.6698215
Brenda Ortiz,68,97671 Ashley Center,New Jasmineborough,Missouri,65329,-153.666832,-62.259688
Jaclyn Rodriguez,56,39916 Zachary Parkway,Jeffersonfurt,Indiana,87236,-19.318419,-60.2421115
Judith Lucas,69,2007 Christopher Spring Apt. 910,South David,Missouri,07602,53.275427,63.4930605
Kenneth Brewer,30,9061 Clifford Fords,New Barbara,New York,69527,168.951201,-29.444930
Brian Young,66,996 Adkins Corner,New Tinaberg,Wisconsin,71676,7.243181,-17.316398
Jose Freeman,42,480 Rose Islands,Lake Charlesfort,Nevada,28295,-143.088577,-62.8368665
Melissa Klein,19,1208 Esparza Neck Suite 601,Smithchester,Pennsylvania,10746,-130.004374,38.0177975
Brian Sheppard,55,5693 Michelle Corner Suite 101,Brianmouth,Massachusetts,30976,-29.084927,-5.841632
Charles Murray,56,7972 Darrell Points,South Craigfurt,Nebraska,18163,74.737287,-42.6462755
Melanie Page,32,4965 Cunningham Lock Suite 161,East Shannonville,Ohio,45875,-68.841658,-31.2330545
John Rogers,79,6350 Wilson Lane,Port Traceyport,Colorado,47340,-107.382610,-77.1770115
Benjamin Ortiz,47,827 Faulkner Valley Suite 670,West Kelsey,Oklahoma,96715,-173.427190,16.478115
Carl White,50,8222 Barrett Stravenue,South Lisa,New Mexico,29632,-136.667261,-68.324306
Kimberly Howard,25,68406 Farley Alley Suite 216,Chavezfurt,Montana,91181,171.432080,-65.5777935
Julie White,38,041 Terrell Heights,Bradyshire,Connecticut,63947,-161.823349,-10.5381435
Ethan Serrano,70,99624 Lindsey Loop,Leeland,Idaho,83329,174.958221,-60.5431075
Lisa Wiley,30,043 Mary Loop Suite 396,Jessicahaven,New York,24386,-131.380950,-64.3538125
Tina Hodge,79,01273 Simmons Plaza,South Brandon,Nebraska,58772,-45.550660,67.8150535
Eric Ryan,48,18441 Justin Station,Michellechester,South Carolina,72802,86.120320,-54.201896
Mrs. Victoria Greer,25,9929 Cantrell Road Suite 176,South Scott,North Dakota,15437,-5.999373,82.178386
Aaron Frederick,67,352 Jackson Harbors,Amyfurt,Louisiana,10151,83.261224,-27.8270155
Terry Johnson,32,1079 Sanders Courts Suite 374,Colemanberg,Arkansas,15595,40.662616,17.7947505
Diana Eaton,63,415 Kara Mews Apt. 999,New Walter,Oklahoma,57402,-177.379499,-33.2850165
Thomas Bailey,19,5799 Francis Stravenue,North Angela,Rhode Island,77319,-74.392888,16.1898475
James Elliott,67,082 Edgar Spur,North Allen,Virginia,75031,-86.399269,-34.7661885
Janet Raymond,51,834 Davis Mall,Roberthaven,North Dakota,24369,46.051202,26.0557005
Timothy Thomas,19,7667 Martin Lodge Suite 506,Richardsonbury,Virginia,58117,-81.289953,87.246479
Claudia Vincent,41,4871 Sheila Rest Apt. 431,South Aaron,Wisconsin,23560,-148.110978,77.825940
Adam Ramirez,22,597 Erica Inlet,Alicetown,Washington,16538,-123.304224,-37.205125
Michael Robinson,76,884 Austin Unions,North Adrian,Missouri,59224,71.007434,-88.0963635
Andrew Perez,53,6015 Christopher Camp,East John,Kansas,76660,92.538805,83.1853415
Thomas Patterson,78,24014 Mendoza Haven,Schmidtburgh,Mississippi,48626,55.481366,-2.153868
James Peterson,65,48749 Preston Forges Suite 778,Smithville,West Virginia,69552,-118.549881,-35.193656
Brandon Bishop,19,911 Villanueva Trail,Bookertown,Pennsylvania,33875,50.621295,15.737097
Thomas Nichols,30,435 Palmer Spurs Apt. 915,Sharonburgh,Missouri,51107,107.881725,-85.602662
Christopher Livingston,27,80782 Jackson Cliffs,Richardtown,Kentucky,99815,-17.267755,-40.175150
Kim Dunn,20,82226 Newman Lake,Clarkland,South Carolina,13225,-127.171075,0.1790745
Jeffrey Gutierrez,51,23205 Savage Plains Suite 149,West Danielle,Washington,93518,-105.629574,67.2693235
Scott Norris,64,03451 Murphy Summit,Lake Michaelstad,Pennsylvania,82615,9.190518,36.696859
Steven Tanner,50,88765 Rogers Light Suite 228,Susanshire,Hawaii,81378,125.246234,-46.4854525
Heather Huber,30,3569 Frank Lights Apt. 532,East Kathryn,Michigan,94275,86.098754,-17.0860415
Bethany Howell,64,11881 Sheppard Plaza,Jessicaburgh,Virginia,19642,-48.117730,10.708351
Anne Goodwin,64,30537 Hamilton Lodge Suite 445,Danielton,Kansas,98460,138.072256,49.819061
Mitchell Whitehead,56,81183 Justin Ranch Apt. 992,Port Hollymouth,Idaho,25493,-124.782704,3.9871615
Jordan Clark,50,953 Richard Shoal,Perryfurt,North Dakota,94504,6.918390,25.2952255
Sandra Boone,50,847 Garcia Loop,Lucerochester,Arizona,17398,48.485497,-70.913212
Teresa Stanley,51,9147 Curry Mills Apt. 011,Michaelshire,New Jersey,04748,-30.418869,-73.8794325
Dr. Cassidy Franklin,58,52835 Gonzales View,Adamton,Wyoming,99685,154.020502,-75.788577
Kathryn Love,21,74951 Renee Via,Nicolestad,Illinois,62412,110.888341,-73.898491
Robert Marshall PhD,52,7587 Mercado Pine,Steelehaven,New Mexico,25503,40.083501,15.908226
Joann Bell,31,16645 Melissa Crest Apt. 796,Lisaville,Illinois,84616,179.234795,84.681149
Carol Caldwell,25,91685 Ortiz Knoll,Patriciashire,Alabama,85446,163.640328,-62.550081
Mrs. Sarah Good,51,9396 Diana Cliffs,East Brittanyfurt,Maine,35755,92.791605,11.6910565
Jose Newman,80,363 Jacqueline Lights Apt. 156,South Edward,New York,82798,172.317759,29.987756
Nathan Peterson,75,97935 Sanders Hollow Suite 721,West Tommy,West Virginia,47962,-141.609158,29.6695405
Christina Henson,57,07988 Brown Meadow Apt. 677,Johnland,New Hampshire,28040,-86.364337,-19.150318
Keith Bryant,52,492 Jesse Dale,Dillonport,Virginia,31422,-61.772510,-62.021332
Scott Hutchinson,28,97759 Bethany Village Apt. 495,West Monica,Colorado,45574,99.487279,85.4120325
Ryan Wade,35,4607 Sharon Harbors,Michaelshire,Alabama,47901,-111.529882,-53.7942495
Amanda Bartlett,39,07713 Stout Place Apt. 777,Nelsonshire,South Carolina,83143,-96.748938,-35.8871065
John Lopez,19,5897 Joseph Fort Suite 087,Marcberg,Louisiana,61871,-66.306514,38.041737
Johnathan Boyer,32,5583 Austin Vista,Mccarthyland,Washington,35831,44.610972,83.605007
Erica Martin,37,992 Hernandez Fall,South Steventon,South Carolina,59950,-12.704882,61.0198835
Christopher Silva,61,382 Smith Avenue,Georgeview,Maryland,69059,-39.086535,3.2713165
Erik Lewis,29,3755 Ricky View Apt. 315,Cynthiamouth,Tennessee,46276,-177.329541,-56.5609395
Walter Khan,20,3947 Weaver Spur Apt. 482,Cooperfort,Colorado,70166,-114.908679,-70.1064505
Fred Espinoza,33,796 Sophia Knoll Apt. 868,Jonestown,North Carolina,51774,28.104334,40.721932
David Nelson,74,40217 Barbara Harbors,South Russell,Kansas,19150,119.469371,-25.863313
Kara Mayo,59,370 Anthony Ferry,West James,New York,09578,-57.340202,79.4045675
Christopher Parker,28,46945 Jeremy Light Suite 197,South Cynthiashire,Arizona,27484,-12.557030,-39.0441805
John Robbins,61,950 Beck Hill,Taylorstad,Hawaii,42672,-17.250126,-81.0966165
James Hooper,54,762 Meza Crossing,Lake Karen,Vermont,96162,-21.322271,27.4696305
Alexander Allen,36,75554 Richardson Springs,New Joseph,New Mexico,99167,-157.939702,-31.155375
Richard Rodriguez,49,956 Allen Point,Garciaview,Virginia,15490,-6.925557,63.7758315
Ryan Ward,32,6560 Strong Terrace Suite 508,Jimmyshire,Pennsylvania,01553,-111.014114,-72.208148
Christian Briggs,68,246 Tina Loaf,Ericborough,Tennessee,37276,115.423571,70.680916
Amanda Perez,69,3139 Powell Park Suite 667,Marchaven,Michigan,34983,-8.567794,38.1355055
Kelsey Jones,25,50537 Michael Passage,South Nathanielfort,Connecticut,46950,106.277229,-80.885835
April Hurst,64,086 Collins Road Apt. 882,West Barryhaven,West Virginia,64495,146.948607,-40.4537285
Martha Bowman,41,0682 Austin Junction Suite 397,North Diane,Louisiana,44839,-136.345370,-78.774187
Patricia Pratt,42,726 Robert Square,Lake Barbara,Connecticut,79272,104.896301,-3.2092335
Mark Butler,53,62041 Dorothy View,West Ashleyburgh,Connecticut,31309,73.338327,81.928211
Thomas Stevenson,23,3973 Arthur Island Apt. 995,Lisaville,Ohio,57462,-29.252958,34.2054675
Bob Castro,67,269 Rosales Place,Mcphersonland,California,71182,-130.793205,44.3420705
Tracey Moon,35,075 Parker Freeway Apt. 947,New Melissaport,Pennsylvania,60998,-124.329850,47.0437245
Lisa Tyler,52,2200 Brittany Keys,West Melanie,Oklahoma,78086,132.593116,47.4217575
Kyle Vega,65,1336 Wilson Row,Port Anthony,Vermont,92722,-103.769284,53.7592015
Elizabeth Robinson,69,1823 James Via,Christystad,Pennsylvania,74333,-108.471615,-71.4389135
Jason Davis,54,944 Freeman Island,Williamsmouth,South Carolina,38233,71.728807,29.6395265
David Hamilton,55,369 Mcfarland Fort,West Matthewport,Rhode Island,90928,142.788208,-67.657743
Danielle Lozano,55,6372 Katie Prairie Apt. 195,New Craigshire,Colorado,01984,50.766019,41.277945
Roberta White,28,779 Caleb Expressway Apt. 796,Andersonfort,New Jersey,39402,-77.343546,-13.7195945
Susan Hamilton,43,3172 Lisa Heights Suite 828,Morganshire,Louisiana,25938,98.003419,-49.107344
Julie Haas,56,05867 Taylor Flats Suite 981,Scottberg,Tennessee,11747,-140.036333,-36.0514775
Adriana Hancock,22,7367 Colton Club Apt. 598,Lake Ashley,Alabama,80336,-110.403833,-7.082507
Louis Johnston,44,08071 Jamie Ramp Apt. 958,Cookmouth,Nevada,56351,-154.277472,6.2924525
Charles Ramos,67,44274 Shawn Plaza Suite 309,Lake Stephanie,Idaho,31018,-2.173986,-24.0753665
Lisa Rodgers,62,35034 Santiago Glen,North Victor,Illinois,98830,-129.957651,-11.9607265
Richard Martin,77,820 Ashlee Dam Apt. 267,South Kristen,California,79669,93.611805,-70.0864555
Erin Morse,32,058 Andrew Turnpike,East Robertshire,Kansas,63298,-149.388355,51.127411
Kimberly Johnson,34,49870 Martha Rest Apt. 162,South Mollystad,Nebraska,51923,-150.132500,-79.5756255
Marisa Bailey,28,6696 Kimberly Plain,New Dannystad,Arizona,24547,97.375211,71.954439
Tammy Cowan,69,9720 Marissa Mountains Suite 529,Amandatown,Massachusetts,47478,64.589764,1.6984465
Tara Hurst,47,07319 Benjamin Island,South Ericaburgh,Michigan,40549,-34.126724,-65.327020
Melissa Sullivan,74,881 Schmidt Cliff Apt. 058,North Austinville,Pennsylvania,85233,-48.454234,-33.0622915
Anthony Ewing,41,6995 Bass Port Suite 913,Anthonyton,Nebraska,50828,-178.299767,16.5287845
Beth Robinson,60,29214 Katelyn Parkways,Kathleenstad,Oregon,81472,102.964178,74.3215435
Elizabeth Hobbs,72,0489 Gina Island,Mcclainburgh,Nevada,38238,-103.602984,26.267806
Eric Wells,24,339 Francis Square Apt. 940,Kimberlyport,Rhode Island,66991,148.960604,60.348117
Michael Davis,80,342 Baldwin Mountain Suite 704,South Gracefort,Wisconsin,80451,-33.396185,-40.530297
Joshua Fox,65,6532 Gonzalez Brook,Jerryside,New Hampshire,13919,37.901839,-72.064820
Sierra Fisher,27,989 Johnson Isle Suite 512,Staceyfurt,New Jersey,77702,-133.370816,-74.299280
Rodney Estrada,46,40872 Welch Row,Perryville,Tennessee,04868,-94.671633,-60.9229355
Todd Love,56,08784 Myers Junction Apt. 925,South Debraport,North Carolina,50664,82.646733,25.209929
John Alexander,52,80376 Lopez Drive,Joshuafort,New York,25173,-43.611413,54.3306755
Charles Fletcher,45,31356 White Ridges,Lopezton,Colorado,82686,154.347713,-7.4711405
Donald Brooks,51,31674 Diane Plaza,Zavalaview,Colorado,30660,63.891237,-15.6864905
Thomas Hernandez,78,30551 Amber Underpass Apt. 357,West Ashleymouth,Iowa,86593,82.754269,25.9992685
Desiree Ward,48,751 James Plaza Suite 789,New Douglasstad,Massachusetts,63466,-8.339918,-12.583299
Kevin Hancock,31,8733 Caitlin Mission Apt. 790,Roseport,Pennsylvania,91043,-18.113974,52.0427035
Mr. Wesley Gray,59,38168 Curry Ramp,Gonzaleztown,Missouri,77237,-130.426198,-13.433370
Darryl James,78,001 Stevens Causeway,New Clinton,Alabama,49183,-64.419658,19.334649
Meghan Ross,67,44877 Benjamin Overpass Suite 962,Santiagoburgh,South Dakota,33128,-147.627755,1.603810
Lauren Clarke,18,8353 Kelly Harbor Apt. 846,Whiteborough,Mississippi,97246,88.677317,-55.784347
Daniel Ritter,45,1422 Melissa Hill,Hughesside,Arkansas,50959,-49.690552,-83.606242
Tracy Knapp,62,8659 Williams Forges,Danielsstad,Texas,15590,85.066716,-80.8398345
Tammy Kelly,64,917 Perry Crossing Suite 005,Millerstad,North Dakota,24435,-141.920679,-19.298468
Emily Strickland,49,5902 Brent Stream Suite 903,New Davidborough,Minnesota,50667,-138.068546,-2.5188545
Shelby Grant,54,46437 Dixon Junction Apt. 875,Roachfurt,Oregon,69677,177.685334,-21.2424955
Mary Alvarado,80,209 Danielle Highway Apt. 128,Marcport,Alaska,20920,26.529063,-74.8347745
Steven Henry,57,9661 Rhodes Grove,West Tammytown,Iowa,61159,-62.531243,20.1396765
Sarah Murphy,35,832 Jessica Haven Apt. 230,New Joshuaville,North Dakota,58099,-136.871735,-12.269725
Pamela Chambers,25,0110 Carter Stream Suite 884,North Johnfurt,Arizona,75233,-12.137226,61.8371895
James Pace,46,4390 Heather Walk Suite 878,Wagnerbury,Idaho,79102,-15.863722,82.6680665
Michele Simpson,58,30422 Arnold Stravenue,Johnport,North Carolina,14737,-4.290276,-32.679724
James Ashley,72,02626 Stuart Harbor Apt. 361,Hensonbury,Michigan,08017,-54.829223,-20.6770475
Kathleen Brooks,32,1610 White Island,Davisside,Oklahoma,90279,34.758482,44.4412555
Sydney Bailey,79,952 Barnes Ramp,Lake Kristinside,Arkansas,50786,36.625922,16.6036545
Rachel Harris,29,6694 Chad Port Suite 668,Scottfurt,Nevada,55414,114.654650,-67.073236
Kurt Richardson,54,5678 Thomas Stravenue,East Courtney,Oklahoma,64380,137.589580,-71.7198025
David Williams,61,21522 Anthony Lodge,Angelaside,Wyoming,83522,-36.012140,-17.4207535
Juan Rodriguez,45,5040 Carlos Grove Apt. 485,North Ianport,Colorado,45434,-14.385898,56.5728325
Brian Hammond,47,77300 Kelly Ferry Apt. 211,South Matthewborough,New Mexico,12307,135.180715,53.684662
Blake Holland,63,32137 Stacey Well Suite 587,Cochranborough,West Virginia,84634,101.629655,-39.367463
Lisa Jackson,71,6154 Flowers Wall Suite 369,Courtneyberg,Wisconsin,56603,96.129972,88.356234
Dennis Hartman,39,07855 Howard Grove Suite 381,New Justin,Vermont,00689,77.874664,88.4392525
Jesus Brewer,68,3544 Cannon Port Apt. 466,Michaelfort,South Carolina,24219,-143.795768,14.7209875
Scott Henry,42,7758 Campbell Valley Apt. 294,South Williamberg,North Dakota,69880,137.443167,-15.483986
Lauren Calhoun,61,9556 Steven Islands,West Susanshire,North Carolina,90986,-66.373735,68.9914595
David Pearson,77,6788 Stephanie Points Suite 221,Allenview,Wyoming,13642,-99.159393,34.3657255
Dwayne Edwards,80,9475 Fitzpatrick Pike Apt. 406,East Maryburgh,New York,85907,129.928433,14.7304595
James Murray,80,5658 Chad Groves Apt. 574,East Joshuaburgh,Kentucky,03590,105.507497,72.7883435
Timothy Chavez,35,21858 Hunt Islands,Gutierreztown,Rhode Island,79867,76.518821,61.9827155
Kevin Terry,60,989 Griffith Isle,Shelbyburgh,Rhode Island,92422,-107.973740,-66.1805055
Raven Weiss,59,779 Miller Points Apt. 081,Christopherton,Wyoming,19161,8.302888,-0.1217395
Joshua Smith,60,6976 Ward Lights,North Patrick,Oklahoma,86999,-159.731532,-37.7470115
Jonathan Olsen,41,410 Jones Walks,New Jared,South Dakota,56679,-170.883162,-12.1846775
Mark Mcfarland,30,82163 Dawn Point Apt. 157,East Blake,Louisiana,54108,60.316621,-35.793419
Christina Martinez,50,47870 Brianna Glens Apt. 078,West Richard,Kentucky,50167,-14.839307,56.5678435
Jared Boyd,23,723 Davis Greens,Tamiview,West Virginia,79660,2.508050,57.2315835
Heather Harvey,45,7271 Michael Rapid,Lake Jenniferland,Idaho,93194,-121.709866,-15.066346
Kayla Myers,42,273 Hernandez Coves,Hodgesbury,South Dakota,96232,-61.050990,27.9307865
David Robles,67,494 James Ferry,Manuelberg,Alaska,29690,-176.037407,-74.780049
Stacie Erickson,58,5163 Steven Cove,West Alexa,North Dakota,94177,-139.745151,-23.0056045
Paul Stone,21,477 Cindy Orchard,Mariaberg,Oklahoma,79343,-57.681061,-73.161667
Andrew Williams,75,7972 Anna Mill,Savagehaven,Oregon,03805,-92.319491,58.461571
Gabrielle Mitchell,24,55947 Alexandra Cape,Lake Robertland,Nebraska,61072,55.347590,29.053794
Scott Andrews,47,799 Nelson Lane Apt. 054,Danielton,Michigan,47571,2.681804,7.3940925
Angela Williams,60,83274 Carter Rue Apt. 880,New Thomasmouth,New Jersey,71037,40.508049,-61.320099
Robin Price,60,2199 Vincent Avenue Suite 129,East Taylorburgh,Alaska,81549,57.412309,-10.7686235
Pamela Christensen,48,4995 Kline Mountain Suite 982,North Gloriafort,Rhode Island,36520,-50.621529,42.0975055
Aaron Shea,33,67637 Thompson Stravenue Apt. 287,Tinabury,Michigan,30019,72.134252,2.2184805
William Morrison,55,57025 Craig Island,Johnsonmouth,North Carolina,74952,106.700900,83.428620
Michael Fisher,33,926 Ellis Port Suite 364,Jeremiahside,Minnesota,98146,54.109167,43.5395785
Hannah Gonzales,68,04821 Victoria Radial Apt. 394,Henryfurt,Utah,84902,-134.492894,62.457749
Kathryn Ryan,20,454 Yates Viaduct,South Emilyton,New York,73372,-46.030326,41.0175625
Michelle Beard,37,849 Teresa Falls,Harrisshire,Idaho,18613,38.167139,83.4637505
Dakota Pierce,48,4899 Jay Extensions Apt. 220,Port Lauren,Massachusetts,10372,-97.896134,-63.7959125
Megan Phillips,80,256 Ramos Brook,Chaseborough,Utah,68860,64.387193,89.0792625
Charles Miller,45,321 Charles Flat,Lorishire,Florida,19852,-12.326193,-29.270658
Jason Gonzalez,23,105 Lane Brook Apt. 134,Grahamstad,New Jersey,21363,-122.967437,-6.507891
Crystal Hill,50,7153 Carlos Corner Apt. 225,Powellburgh,Indiana,30152,-46.545597,-15.4250225
Vickie Conley,71,0532 Hall Brooks,North Claudia,Arkansas,26691,-109.601691,-28.9657395
Sara Avery,30,2693 Kristine Glen Apt. 459,East Brandyberg,Georgia,79527,-96.592509,-71.7788635
Donald Wong,74,3181 Michelle Cliffs,West Erikaburgh,Montana,05800,36.636652,88.7097185
Steven Rogers,76,80695 Tanya Lock,Michelleland,Delaware,79171,-115.393803,11.6602255
Diane Soto,32,71376 Stacie Inlet Suite 953,East Nathan,Connecticut,57499,124.480268,-57.8758335
Patricia Schmidt,40,12599 Michael Common,Lake Robertofurt,Utah,22457,142.151232,33.1878795
Stephen Hunter,24,506 Keith Divide,West Nicholastown,Pennsylvania,75312,101.333151,88.744056
Kenneth Meyer,28,21781 April Villages,Hernandezshire,Arizona,35975,-22.662453,17.243686
Dr. Cynthia Long,65,707 Jonathan Crescent,Donnafort,South Dakota,70559,85.461255,61.2243305
Ashley Holland,38,715 Evelyn Isle,New Lindaville,Arizona,81159,39.970188,39.4832515
James Case DDS,44,5458 Hicks Groves Suite 884,North Rogerchester,Tennessee,70755,-25.205105,4.2958955
Christine Taylor,49,06047 Allen Loop,Lake Sherriton,Mississippi,02465,-49.934632,45.0705975
Mark Miller,22,3229 Wright Station,Lake Brianchester,Colorado,34763,-111.529552,46.3629975
Jon Ponce,68,831 Lisa Causeway Suite 675,South Hannahstad,Nebraska,30797,77.358754,80.577695
Elizabeth Campbell,65,347 Lamb Walk,East Steven,Arkansas,82654,46.045862,49.810309
Diane Lee,57,2480 Gerald Spur,Port Jameston,Idaho,95733,10.429801,36.375401
Robert Curtis,28,900 Lee Valley,Suttonfurt,Arkansas,70547,-72.316975,2.1450795
Brian Conner,44,8168 Morales Locks Suite 691,Mayston,New Mexico,51511,-97.221054,-0.8146085
Robert Taylor,65,9379 Parker Street Apt. 240,Joyceport,South Dakota,86699,87.583337,-26.652188
Andrea Fernandez,38,357 Montgomery Circles,North Chris,Utah,08960,31.754436,-15.1764205
Nicole Sanford,19,8740 Brian Coves Suite 903,Cynthiachester,Texas,66858,-154.650181,-89.6663965
Cindy Clay PhD,70,694 Wright Gardens Apt. 949,Port Jason,Tennessee,24077,131.104436,-72.455594
David Gardner,69,3137 Paul Views Apt. 832,New Emily,Minnesota,08894,-131.620124,45.696584
Carrie Jackson,65,23184 Pamela Squares,Dianaville,Iowa,61723,76.317980,-23.228597
Meagan Baird,66,66917 Mendoza Extension,Kevinmouth,Utah,99553,-122.304732,-35.996847
Erica Johnson,67,2143 Briana Roads,Darrenton,Missouri,58311,-13.369676,78.245968
Kristina Hamilton,66,00048 Thomas Forks Apt. 051,South Melissamouth,Utah,07486,94.948874,33.5569395
Vanessa Martinez,73,51853 Stephanie Avenue Suite 041,South Mitchell,Oregon,98455,-72.099452,2.366475
Joseph Scott,27,52507 Lisa Center,Lake Georgeshire,Mississippi,37652,99.628704,7.008138
Elizabeth Miller,31,095 Joseph Coves Suite 117,Tonyhaven,Ohio,85487,-158.223598,-62.4105845
William Cowan,52,1842 King Via,Alexandrashire,Washington,92126,-154.601450,-19.4848925
Michael Jackson,55,714 Bryant Grove,Elizabethland,California,14062,-165.106220,39.1768155
Lindsey Gonzalez,55,57829 Joseph Village,Mooreberg,West Virginia,16841,-127.586626,10.2567605
Latoya Palmer,28,96257 David Green,Bennettshire,Iowa,46319,114.851637,-74.8272575
Steven Carrillo,61,5297 Elizabeth Lock,Michaelborough,Maine,27653,-151.675107,-49.392898
Ashley Martinez,54,72597 Cory Land,Cruzton,Mississippi,63697,73.652663,-57.313090
Matthew Martinez,45,2959 Frederick Cliffs Apt. 718,East Kevin,Nebraska,05068,14.169414,34.357934
Micheal Rhodes,46,79915 Garcia Haven Suite 747,New Jason,Colorado,63135,42.617492,-33.0788615
Lindsey Curtis,27,9177 Davis Burg,North Michael,Michigan,15273,22.550945,-63.6242845
Annette Perez,36,23850 Anthony Canyon,New Stevenmouth,Oregon,36718,-22.187857,-80.6759455
Cynthia Mitchell,73,58883 Sandra Street,Evansfurt,Idaho,86819,113.743632,-40.0457725
Angela Kelly,56,5737 Jennifer Forest,Port Amyport,Wisconsin,78193,111.305915,-74.4733145
Christina Hall,55,567 Amy Ports Suite 341,New Theresa,Iowa,24636,29.246134,-80.702220
Wendy Williams,62,067 Jennifer Ranch Suite 255,Gillview,New Mexico,18041,68.368023,-50.8060575
Debbie Jones,18,884 Robinson Lake,Port Christopherfurt,Arizona,57393,166.205288,-30.578953
Kenneth Evans,74,9928 Campbell Island Suite 481,North Rebeccashire,Arkansas,02741,93.491735,-23.1771875
Kelli Miller,34,0549 Lopez Isle,Wilsonport,Michigan,14934,165.283844,-45.6522325
Tina Castro,49,28628 Alvarez Course Apt. 282,Parkerside,Minnesota,05059,32.277138,65.3549065
Rebecca Harris,70,9803 Lopez Drive Suite 775,South Mark,Connecticut,83738,-36.319445,-3.7471035
Lisa Knight,53,7101 Eddie Station Apt. 510,Albertborough,New Hampshire,36966,-4.640425,63.2698875
Jon Perez,35,83683 Michael Plain Apt. 038,Michaelfurt,Washington,68850,-114.080285,78.1280705
Tanner Myers,41,932 Lucas Prairie Apt. 156,Port Christianburgh,Delaware,72587,-152.729874,34.8463365
Cheryl Jackson,45,628 Patterson Loaf Suite 697,Greenport,Alabama,35125,-169.903516,87.8248275
Colton Harris,58,3398 Rhonda Branch,Brownborough,Alabama,11098,-121.337597,60.3471845
Matthew Johnson,58,17709 Fisher Way,Ochoafurt,Georgia,52094,110.433035,38.1231095
William Wolfe,66,923 Stuart Plaza,West Kimberlyburgh,Louisiana,98215,143.536507,-64.361776
Terri Russell,71,451 Myers Parkways Suite 796,Gallaghertown,Utah,88318,74.961056,37.3205055
Cody Dunn,37,6135 Louis Mill Suite 859,East James,Delaware,77670,-102.351696,5.563737
Monique Garcia,47,07719 Jason Shore Apt. 736,South Craigton,Idaho,05309,75.518545,60.127241
Stephanie Proctor,76,13416 Taylor Lodge Apt. 044,Hillchester,Wyoming,04253,-94.792548,1.1774385
Alexander Stewart,28,0134 Robin Point Apt. 021,Lake Katherinehaven,Idaho,46531,53.733078,-1.3719455
Sabrina Cruz,42,586 Michelle Centers Suite 121,North Deanhaven,New Jersey,48751,-53.814943,-67.9345335
Juan Wiggins,68,909 Martin Lane Apt. 525,Lake Cody,Arkansas,80068,-74.704289,88.139768
Peter Macdonald,63,59613 Mendoza Hills Suite 323,New Alexis,Nevada,72264,151.880497,-49.684636
John Jackson,51,609 Cooke Path Apt. 539,South Joshuatown,Wyoming,03279,24.287533,-60.139560
Jeffrey Rogers,38,290 Erica Passage,Port Cheryl,Rhode Island,41148,22.820211,27.248851
Carolyn Nichols,49,41738 Peterson Hollow Apt. 902,North Kennethchester,Colorado,35114,-32.214703,21.5254535
Shannon Henderson,65,341 Timothy Pike Suite 114,Bauerchester,Alabama,99691,-41.250097,33.9094175
Donald Erickson,72,00494 Villanueva Haven,Lake Jose,Virginia,63194,-113.627492,-32.0912635
Jason Elliott,37,3928 James Shoal Apt. 314,East Angelashire,Delaware,44471,-105.113747,67.1308955
Ricardo Wilson,46,19143 West Orchard Suite 325,South Josephmouth,Kentucky,26371,149.873587,-86.3336105
Ryan Martin,61,43410 Davis Harbors,Allisonfort,Illinois,57798,20.798790,31.8726435
Brianna Reese,23,694 Gibson Burg,Lake Michael,New York,26256,-130.538157,41.9042375
Samantha Riley,80,883 Green Lane,New Kevinmouth,Georgia,91109,56.962912,-41.711093
Cindy Lozano,25,84400 Katie Harbor Suite 770,Elizabethland,Maryland,28995,106.304716,24.0471445
James Young,34,27013 Anthony Harbor,Port Eugeneside,Illinois,38097,-24.989273,-76.008073
James Turner,32,0340 April Springs Suite 734,Louisville,Tennessee,30626,-75.209296,-56.6317635
Lindsey Washington,75,6902 Jillian Lights Apt. 792,Port Jeffrey,Maryland,05293,126.979432,-73.980544
Kristin Smith,63,77190 Willis Ranch,New Donna,California,56002,-88.314206,-72.081759
Brian Weiss,20,9107 Johnson Courts Suite 881,East Tracy,Michigan,24485,-102.146855,-60.4311255
Benjamin Graves,60,8241 Munoz Island,Dustinville,New York,45322,-136.815044,20.5777505
Mr. Roger Castro,55,047 Garcia Dam,Brownshire,Washington,89143,-92.627647,81.245786
Lindsay Jacobson,76,65638 Barrett Manor Suite 694,Gonzalezshire,Kentucky,25009,16.360398,35.9872595
Katherine Larson,20,981 Cynthia Heights,Thompsonmouth,Massachusetts,51399,-150.362775,51.5852465
Natalie Brown,35,1106 Mendez Ford Apt. 348,Adamsburgh,California,49634,81.600151,-50.642149
Kimberly Coleman,22,76663 Jennifer Field,North Sarah,Nevada,15074,141.476953,15.1775185
Megan Simmons,68,24512 Smith Cliff,North Sarah,Vermont,71606,74.181649,29.4231875
Joshua Thompson,70,772 Horton Flat Suite 271,Lindsayborough,Kentucky,57101,121.530453,37.6270285
Samantha Nguyen,80,9940 Allen Shoal Suite 833,East Julianstad,Idaho,54301,-173.559415,27.660387
Beth Wheeler,57,61143 Kelly Parks,Lake Victoria,Missouri,78143,-58.030418,-40.587295
Heather Hill,44,77968 Clark Gardens Apt. 653,Aarontown,Kentucky,89716,-83.373058,44.0474265
Margaret Rose,67,33694 Alyssa Trace,South Darrellbury,Alaska,61315,-56.888233,-41.7952725
Margaret Watson,18,566 Hinton Heights Suite 880,Devonmouth,Missouri,78490,-165.240375,21.980006
Chelsey Nelson,41,48339 Mitchell Station Apt. 394,Johnsonhaven,North Carolina,37966,-149.110865,-1.4696165
Tim Wilson,31,8591 James Radial,Burnettshire,Kentucky,35872,176.499295,-13.2090315
Paul Jacobson II,39,2896 Michaela Stravenue,South Lori,North Carolina,03203,42.749704,85.2188755
Meghan Mendez,32,765 Maynard Run,Port Amandafort,Ohio,35622,-132.734113,53.6772495
Gregory Miller,80,623 Thomas Squares Suite 204,Lake Aaron,Hawaii,84197,-90.444085,89.1116095
Geoffrey Noble,40,342 Michael Crescent,West Kristenmouth,Maryland,16036,-51.368191,-13.4514705
Shannon Curtis,28,6485 Glass Trace Apt. 096,North Suzanne,Alabama,02665,74.536972,-86.508856
Michael Miller,25,4007 Thompson Row Apt. 078,South Michaelchester,Delaware,41525,23.776426,-7.3172895
Brenda Baldwin,54,5949 Fields Locks,South Richardside,South Carolina,10605,46.557400,-20.370272
Emily Harris,32,292 Andrew Lights Suite 618,Matthewmouth,Wyoming,98736,116.980214,-74.7775985
Amber Stewart,57,17141 Holly Hollow,Port Shannonbury,Alaska,09210,156.416891,23.5587825
Jermaine Combs,19,729 Jackson Corners,Paulfurt,Oregon,12620,174.489874,72.068723
Marcus Weber,67,44523 Jennifer Stream,Marybury,Kentucky,87165,30.085037,-21.794189
Randall Pugh,33,72311 Anna Stream,East Peggy,Wyoming,91541,-89.008427,25.524391
Garrett Jacobs,24,128 Nichols Loop,Martinview,Tennessee,49321,106.193096,28.638692
Stephanie Marquez,40,2724 Cassidy Fall Suite 435,East Daniel,New York,43932,84.561108,-3.1497445
Matthew Walker,25,30663 Crystal Drive,Lake Nicole,North Dakota,18032,107.373293,-13.6064105
Crystal Gray,79,513 Kristen Camp,Fullerside,Nebraska,37637,6.032825,7.586260
Robin Wallace,61,588 Lee Tunnel Suite 065,Lake Bryanfort,Florida,63081,176.428474,-77.125981
Jennifer Robbins,79,756 Cody Burg,East Michaelview,Kentucky,44125,111.772459,52.120228
Henry Lopez,35,59323 Alvarez Ford,Campbellchester,Nebraska,89452,104.741015,-63.7594625
Robert Shepherd,58,81079 Cuevas Throughway Apt. 667,South Ericville,Tennessee,89379,-168.416351,16.750600
Kristen Hodge,24,1778 Jack Alley,Lake Elizabethview,Oregon,60769,149.827274,32.386284
Jacob Wagner,44,34685 David Mills,Scottmouth,California,46230,151.028219,-78.1059205
Christopher Lane,64,786 David Port Apt. 453,Lake Johnfurt,Oregon,69854,-78.827791,41.0733955
Kristin Baldwin,67,56698 Leach Points Apt. 959,Moyerburgh,Mississippi,62634,-164.895156,28.929483
Teresa Ramos,42,32574 Allison Prairie Apt. 475,Port William,North Dakota,86132,78.955993,81.7717505
Ricardo Spencer,18,204 Jennifer Road,East Shannonfurt,Delaware,65376,-14.040840,-49.902296
Brittany King,50,89775 Thomas Burgs Apt. 926,Jeremyport,Delaware,90970,158.372398,-5.7046135
Isaac Carter,57,7967 Jacob Roads,South Dylan,Oklahoma,34932,91.996998,-36.171872
Pamela Monroe,23,1768 Pamela Crest Suite 392,Kiddfurt,Vermont,48068,-8.525882,-8.1386525
Victoria Singleton,29,847 Jefferson Camp,Laratown,Arizona,16904,-149.932852,56.8359685
Dalton Harper,62,163 Francis Branch,Gabriellastad,Wisconsin,96258,31.455874,-26.3979255
Brian Jones,21,7042 Julie Turnpike,Lopezmouth,Wisconsin,43464,95.024443,-54.1730775
Dana Juarez,40,797 Matthew Pine,Brownfort,Indiana,84871,113.082373,-88.821396
Denise Parker,42,627 Jones Manors Apt. 413,Lake Jamesview,Missouri,20133,-73.981894,76.810747
Jacqueline Lewis,18,30627 Lewis Inlet Apt. 790,East Nicole,New Jersey,50845,-82.844233,-4.6465755
Kimberly Bennett MD,76,52285 Molina Harbor,Scottmouth,Kentucky,39867,-123.374806,-63.006811
Christian Perez,45,1456 Michael Flats,Jesseside,Missouri,44998,154.633219,13.5717385
Derrick Martinez,56,69606 Torres Rapid Apt. 858,New Christophertown,New Hampshire,69677,162.809699,-78.021201
Sharon Tanner,43,7278 Austin Brook Suite 896,North Adamside,Washington,32024,68.021579,-51.970910
Brad King,50,811 Li Village Suite 998,Smithmouth,Nevada,48407,-59.576626,-74.087260
Melissa Parker,79,422 Matthew Parkways Suite 689,West Matthewview,Florida,72577,-12.792896,39.164603
Mallory Meza,51,63479 Collins Shores,Baldwinton,Arkansas,19378,-145.550793,13.171778
William Smith,78,92013 Hawkins Divide Apt. 772,Kylemouth,Missouri,57367,152.339657,-3.2793575
Daniel Mahoney,19,895 Jean Harbors Suite 022,East Cynthiachester,Minnesota,67111,89.980741,-9.567818
Larry Black,73,1703 Archer Points Apt. 976,Lake Joshuabury,Virginia,22605,9.285925,54.454381
Sydney Key,63,4156 Barnett Fields Apt. 416,East Taylor,Oregon,52163,-97.191438,88.551682
Daniel Murphy,51,4263 Archer Plains Apt. 764,Kristinefurt,Pennsylvania,55199,8.711357,-21.438987
Matthew Marquez,67,8617 Garcia Rapid,Julietown,Vermont,90572,-175.156903,-66.282365
Danielle Johnson,22,849 Harris Union Apt. 370,West Eric,Nebraska,10565,-94.833875,35.8239375
James Donaldson,64,0301 Audrey Meadows Apt. 193,New Kyleside,Colorado,72022,1.889395,82.8564395
Mrs. Cynthia Long DVM,61,26558 Jessica Orchard Suite 590,Chungfurt,Delaware,63662,9.720302,-42.253631
Kimberly Warren,20,08891 Raven Trail,Johnsonstad,Nevada,22931,-40.734283,36.954321
Matthew Vazquez,76,49662 Lisa Vista Suite 695,North Tony,Colorado,03565,-107.925149,-16.2130635
Brendan Barber,28,133 Heather Via,Lake Michelle,Montana,43485,-175.113886,6.099357
David Austin,53,241 Shirley Falls,Martinchester,Utah,44165,-153.206917,33.459122
Harry Taylor,48,05026 Lori Mews Apt. 586,Krystalbury,Wyoming,06717,137.513377,-80.549810
Ashley Brown,71,6259 Isabel Neck,Cruzville,Colorado,47509,-83.616334,39.6320085
Andrea Alexander,43,66008 Baker Forges Suite 594,South James,New York,02840,-142.415579,72.770673
Christina Howell,50,9963 Brady River Apt. 078,Nancymouth,Arizona,64380,33.323867,72.638304
Jessica Stewart,36,24208 Richardson Street,Lewisburgh,Georgia,39331,145.124897,-69.2691435
Christine Garcia,55,4548 Joe Drives Suite 600,Dukeshire,Vermont,88366,-36.442702,80.120308
Jason Lopez,65,647 Adams Walk,Lake Michaelhaven,New Hampshire,78418,54.722036,-58.748543
Jack Orozco,59,531 Christopher Forest,Barronmouth,Colorado,30880,159.499143,-82.354674
Rachel Espinoza,60,93924 Charles Fords,Mossshire,Colorado,96948,64.177877,-35.0463225
Carl Cunningham,68,36487 Dylan Skyway,Antoniomouth,Montana,78195,19.909232,-46.3087615
Maria Joyce,52,0182 Stephanie Inlet,East Rachelside,Georgia,39828,-166.966877,47.3258275
Robin Valentine,20,518 Burton Dam,South Terri,Iowa,76043,43.398794,31.890363
Mrs. Shelly Carter DDS,77,04273 Eric Gateway,South Luisbury,Pennsylvania,15065,-105.034576,76.710699
Anthony Harper,31,5967 Thompson Brooks,East Samuelstad,Georgia,72903,170.482074,15.9295775
Geoffrey Thomas,76,11040 Golden Bridge,Freemanton,Alaska,73417,-10.041874,-88.124241
Jo Oconnor,54,3927 Watson Mountain Suite 083,New Amberside,Nebraska,35274,-159.195686,66.099389
Mr. Keith Hudson MD,31,63707 Anderson Inlet Suite 845,Garciabury,Arkansas,14290,-76.548256,41.269206
Lisa Johnston,75,50845 Williams Dam,West Javier,Pennsylvania,43904,-81.013073,1.7979835
Tara Sanders,76,506 Beverly Port,Jenkinsberg,Illinois,49212,117.451708,46.0246715
Charles Lindsey,24,56176 Thompson Lakes Suite 051,Jasmineside,New York,84029,157.583296,-6.4283005
Mr. Alex Moore,46,26735 Chelsea Rest,Ianburgh,West Virginia,29558,-74.612498,-27.3597965
Charles Olson,29,208 Nicole Ports Suite 318,Leonardton,New York,55163,-8.118112,-34.7547705
Angela George,79,242 Megan Forge Apt. 302,Lake Donaldmouth,Nebraska,96048,-82.458021,31.972411
Diane Marsh,25,059 Porter Views,Lamchester,New Hampshire,79477,-165.735279,25.9476545
Steven Miller,49,20178 Cheryl Square,Castromouth,Michigan,89889,66.905238,-59.880356
Alice Brown,22,51493 Kevin Fort Suite 596,West Bryan,North Dakota,18539,-6.626844,-69.379820
Terri Thomas,61,8777 Kathleen Drive Apt. 379,North John,Indiana,27087,174.383158,-44.8386765
Tina Foster,42,58068 Cameron Extensions Suite 602,New Crystal,California,52245,7.067003,-46.195107
Michael Long,26,7262 Newman Terrace,Smithfurt,Vermont,19525,164.590590,-50.1882665
Erik Martin,47,02865 Vargas Parkways,Craigmouth,Arkansas,90254,-150.843329,87.719816
Thomas Murphy,21,51321 Mendoza Light Apt. 637,Mooreville,Vermont,44196,-123.271333,-47.5117415
David Gonzalez,70,66188 John Turnpike,West Jennifertown,Missouri,21511,26.262227,-8.8351175
Tiffany Russell,40,5168 Wilson Prairie Apt. 634,Douglasborough,Massachusetts,02955,40.383646,31.594166
Abigail Torres,51,100 Matthew Creek Suite 389,West Natasha,South Dakota,81662,9.915204,-22.391406
Aaron Walters,70,21831 Anna Loop Suite 748,Paulmouth,Texas,85179,-31.217046,17.430102
Brandy Singleton,31,65969 Barnes Burg,Lake Lauren,Pennsylvania,59526,-25.018040,-52.9821265
Derrick Smith,41,16913 Lucas Valley Apt. 154,East Anita,Nebraska,31333,-163.525118,-66.615090
Sydney Crawford,56,7721 Sophia Street Suite 319,South Sarah,New Hampshire,29699,78.319136,55.6844285
Jessica Hill,29,184 Samantha Ridges Apt. 876,Lake Joseph,Virginia,54807,66.423440,-71.087826
Matthew Flores,21,6604 Carla Light,Shahside,Kentucky,03703,-101.693642,38.538097
Brandon Watson,78,0850 Cameron Fork Suite 502,Stanleytown,New Mexico,37419,-37.160208,-86.676289
Lisa Miller,39,139 Rodriguez Islands Apt. 233,New Juliebury,Wyoming,22999,121.047394,72.542372
Jerry Espinoza,24,32352 Danielle Lane,Veronicaton,Washington,30075,-135.747175,0.625501
Margaret Fisher,76,629 Emily Lake,Jimberg,Arizona,37606,-110.713886,83.127005
Anthony Barrera,63,287 Miller Cape,Lake Aaron,New York,17138,-95.195186,8.0773155
Deborah Bolton,60,42692 Marc Mews,South Elizabeth,Georgia,78711,-70.362494,38.685008
Joseph Bradford,60,192 Grimes Roads,Lake Jamesburgh,Texas,35101,104.505282,-73.9708905
Angela Miller,38,798 Wilson Terrace Apt. 654,East James,New York,37703,179.899917,-31.468987
Charles Adams,36,3582 Virginia Views,East Brittanyshire,Massachusetts,73742,19.056205,-32.464774
Jacqueline Neal,51,3302 John Vista Apt. 066,North Michaelhaven,Mississippi,79776,-108.730749,-25.860191
Aaron Mason,74,14119 Dominic Hills Suite 583,New Andrewhaven,Pennsylvania,35651,-108.261786,-15.5975355
Jennifer Wright,68,1021 Jackson Land,South Micheleton,Maryland,21182,-143.146361,58.665199
Joseph Castaneda Jr.,31,5122 Charles Harbors Suite 622,Port Zachary,Arizona,17791,-135.682453,-60.1609655
Amanda Smith,20,4684 Lauren Roads Apt. 500,Dayside,West Virginia,36821,174.375586,32.9037315
Erica Ellison,76,92202 Becker Dam,Lisastad,Oklahoma,39975,-123.451657,-52.9181895
Jocelyn Chen,55,185 Kaitlyn Spurs Apt. 778,Lake Justinborough,North Dakota,27894,-108.665031,-55.893675
Jared Brown,71,3944 Webster Flats,West Bruceland,Alaska,34958,157.612407,39.610656
Christopher Lopez,51,42343 Patricia Tunnel,West Morgan,Oregon,65426,19.507687,68.8468595
Jesse Lewis,53,5282 Knight Manors Suite 824,Barrettburgh,Ohio,08130,-92.067892,50.4344285
Derrick Serrano,79,9981 Lance Street Suite 213,Garrisonfort,Michigan,48048,-150.137445,-40.403002
Linda Thompson,37,870 Joshua Skyway,Jeffreyberg,Indiana,32173,107.163202,-64.8654465
Mary Taylor,47,31872 Rocha Estate,Lake Davidmouth,Rhode Island,20448,168.685683,49.0584285
John Morgan,43,688 William Meadows Suite 457,Kingtown,North Dakota,99465,15.414883,10.479611
Katherine Dillon,44,5738 Connie Lane,North Erinton,Wyoming,55372,-2.622256,43.9701835
Nicholas Patrick,24,1460 Ashley Field,Meyerfort,Wisconsin,67577,-127.372472,-14.1846625
Justin Wilson,38,217 Perez Springs Suite 534,East Karen,Mississippi,11479,-47.144249,-0.321877
Lisa Bailey,56,50456 Carol Lakes,New Davidborough,Texas,12484,-9.212487,-28.811373
Angie Jordan,25,094 Victoria Forge Apt. 160,West Richard,South Dakota,99168,-144.831550,47.6865905
Anthony Long,63,256 Silva Ramp Apt. 521,Oliviabury,Oklahoma,30437,-172.633436,68.131290
Sara Shah,75,462 Laurie Shoal Suite 938,North Daniellebury,Missouri,89202,-88.929316,74.1705845
Jill Maldonado,58,416 Alexander Plaza Suite 896,New Patrick,Rhode Island,64356,3.569105,87.124246
Robert Hunter,55,9981 Austin Neck Apt. 947,Williamsberg,Nevada,48625,88.953019,-89.065207
Norma Lawson,79,081 George Park Suite 086,Erikport,Massachusetts,80341,160.469539,-72.0651255
Randall Gardner,71,015 Melissa Springs,Candicetown,California,60272,-168.021734,0.159041
Danny Jenkins,45,174 Williams Points,Millerchester,Pennsylvania,18949,18.508034,-21.582695
Jason Shields,71,545 Alicia Spurs Suite 354,Lake Cindyfurt,Wisconsin,75934,-39.422207,-70.7357495
Michael Williams,38,64431 Hall View Apt. 074,New Thomas,Nevada,49253,55.646464,-36.8293225
Gary Moore,58,46975 Williams Ramp Apt. 965,East Mary,Wisconsin,75452,2.371064,56.891997
Maurice Marks,25,172 Perez Port,New Christinachester,Maryland,89522,-77.880162,59.9939815
Jeremy Crane,41,07937 Timothy Via Suite 390,Davisburgh,California,36066,-111.288972,-77.6395995
Jorge Vazquez,21,7257 Jennifer Rapids Suite 954,New Teresashire,Florida,10072,-60.456372,-43.777645
Tina Rodriguez,23,32781 Larry Path Suite 100,East Brandonfort,Utah,11129,-161.919292,-29.7889695
Crystal Bradley,39,123 Alison Inlet Apt. 246,Robinsonchester,Colorado,39188,14.764764,14.729948
Patrick Campbell,47,746 John Corners,North Brittany,Maryland,60581,-49.958190,-72.937084
Maxwell Stevens,46,37569 Moore Estates,New Parker,New Mexico,23427,118.677218,12.143483
Jaime Gonzalez,65,5289 Whitney Gateway Apt. 195,New James,Delaware,82109,-76.381273,47.212084
Dalton Martin,57,5792 Cody Squares Apt. 645,Brendatown,Virginia,32496,164.606124,-38.311560
Valerie Nichols,41,671 Roberts Port,Port Joseph,Arizona,26603,48.529281,-89.609052
Sara Banks,37,80678 Weaver Island Suite 875,Collierfort,Vermont,46253,-77.159357,8.5655925
Joshua Williams,36,8809 Brian Knolls Apt. 162,Port Dennismouth,Indiana,31527,29.439438,-32.344602
Jacob Reyes,62,34376 Zachary Drives Suite 310,Gibsonberg,Connecticut,44675,-92.398506,78.1734995
Joseph Edwards,63,683 Robert Plain Apt. 111,Port Patrick,Texas,16690,-37.882316,-60.026496
Lisa Sanders,31,423 Scott Route,Taylorchester,South Carolina,80990,156.693058,31.099071
Trevor Richard,68,994 Bruce Circle Suite 506,Salinasmouth,Rhode Island,30453,-112.626485,84.906977
Ashlee Cruz,59,768 Smith Island Apt. 922,Cooperchester,Virginia,34895,-75.790578,-87.3837945
James Morales,53,919 Perez Fields Suite 937,New Samanthafort,Louisiana,84569,113.107590,83.072293
Lauren Davis,79,344 Miller Roads Suite 628,Kristyborough,Michigan,16387,-59.180807,-9.892803
Darren Calhoun,51,26226 Wilkinson Mills,Lake Peter,Delaware,42975,93.409789,41.0043195
Cindy Vaughn,34,8361 Hernandez Divide Apt. 561,Cummingsbury,Kansas,22731,-23.792708,57.5502805
Tamara Brewer,43,709 Erica Radial,Andersonborough,Maine,42399,51.672602,12.5757955
David Green,36,06616 Brian Extensions Suite 091,Port Michaelshire,Mississippi,61221,151.389512,39.8963985
Robin Beard,51,68461 Renee Light,Adrianfort,Massachusetts,74955,72.801599,24.213671
Breanna Moon,70,663 Brian Center Suite 468,Jayshire,Georgia,24896,-45.227887,-77.2190285
Ashley Thompson,34,7029 Diana Crossroad Suite 219,Pearsonland,Illinois,06999,60.050559,-59.1749895
Kathleen Barrera,52,03071 Smith Fork Apt. 203,Chadton,New Mexico,41923,-40.021139,-22.3079485
Norma Jimenez,50,5640 Vaughan Wells Suite 426,Brownborough,Arizona,13377,153.087032,37.592546
Amanda Thomas,19,2120 Christensen Forges,Garymouth,Minnesota,10816,68.388294,11.6102085
Troy Hartman,52,468 Anderson Spring,Port David,New Hampshire,52859,-123.153883,-4.417137
Eugene Hudson,61,438 Oconnor Parkways,North Stephen,Minnesota,01699,-140.170736,-58.4550445
Dennis Perez,42,60104 Reyes Alley Apt. 084,West Joshuaport,Oregon,28273,-89.144044,53.6878935
Caroline Hunt,80,10805 Roberts Valley Suite 318,Juanmouth,West Virginia,51523,-122.628839,84.9896495
Christina Black,56,2446 Nathaniel Hill,New Timothytown,Oregon,37544,-101.299369,24.863792
Ashley Moore,80,1852 Karina Lights,North Annettemouth,Virginia,49497,178.121455,13.036402
Michelle Mosley,63,63917 Michelle Fords,Lake Manuel,Kentucky,49561,73.933347,-70.500475
Katie Castillo,80,32554 Zachary Fork,Lawsonstad,Connecticut,15269,-80.846887,-25.6760895
Kyle Campbell,42,6074 Christina Springs,East Michael,Minnesota,55231,145.913272,45.6291255
William Franco,80,633 Sarah Lakes,East Cody,South Carolina,72577,77.308516,-36.187756
Joshua Nicholson,60,680 Hunter Shoals Apt. 418,West Debrafurt,Virginia,88365,13.863601,-72.4041775
Richard Soto,56,104 Michael Vista Suite 143,North Sandra,Virginia,28506,-146.876388,-48.5898975
Kenneth Smith,60,4642 Renee Causeway Suite 724,North Randy,Maryland,11891,86.138739,70.4432305
Christine Perry,36,426 Wilkinson Station,Palmerstad,North Dakota,34983,-168.331216,79.928979
Hailey Flores,36,943 Yates Stream Suite 411,Laraview,Idaho,73003,-134.046980,-59.805037
Julie Ayala,45,518 Charles Road Apt. 142,South Thomasmouth,Louisiana,01282,37.293043,-22.0767605
William Spence,78,81012 James Ports Apt. 058,Clarketown,North Dakota,94439,92.431388,12.108900
John Vargas,73,3308 Mike Inlet Suite 959,South Roger,Alabama,01100,104.212209,-5.045236
Michael Klein,67,61328 Angel Row Suite 621,Jeremiahchester,Idaho,27754,-65.540519,5.9356375
Julie Rivers,19,00938 Jessica Place,Flemingshire,Montana,53128,23.578860,57.293832
Shawn Johnson,54,30410 Tate Falls,Watkinsport,Wisconsin,77175,90.907348,-44.278884
Nicholas Page,21,738 Wade Lodge,North Emilyside,Nebraska,29619,-150.559479,19.3332535
Mr. Joseph Banks,33,391 Jimmy Flat,South Frankmouth,Illinois,05646,55.917008,-33.4911085
Matthew Meyer,33,8961 Anthony Views Apt. 339,Acostachester,Wyoming,40695,-146.201956,79.813513
Kayla Fry,58,19518 Mitchell Forest Suite 585,Jessicaberg,New Jersey,11386,136.528298,-79.321658
Brian Jones,61,44794 Ashley Mount,Chadmouth,Iowa,17158,-4.124722,-35.2288715
Jeremy Hall,43,532 Lee Rapids Apt. 404,Kruegerburgh,Connecticut,41767,74.573830,-89.1546635
Dana Coleman,73,351 Contreras Stravenue Suite 939,Lake Victoria,Montana,05197,-81.264241,0.5171075
Karen Burgess,77,6130 Young Hollow Apt. 284,East Virginia,North Carolina,94117,149.968915,-61.939972
Mrs. Kimberly Duran,20,46524 Matthew Drives,New Randyton,North Carolina,42841,-144.570701,79.8168315
Melissa Phillips,23,323 Shelton Stream,Andrewberg,Ohio,90120,-6.227056,34.948107
Joseph Francis,74,78839 Scott Walks,Mayburgh,West Virginia,49014,8.070608,63.775762
Bonnie Bailey,49,217 Sawyer Row Suite 046,Pattersontown,Mississippi,39278,-24.089735,-40.9625755
Samuel Gray,48,453 Phillips Rapids Suite 552,New Gloriahaven,Minnesota,29548,103.115537,-15.3393595
Arthur Alexander,61,573 Hall Valley,New Daniel,Utah,39765,125.953258,-33.5160225
Bailey Richards,44,804 Young Burg,Port Steven,Hawaii,58025,6.405401,81.0074145
Andrew Tucker,72,4635 Kendra Ridge Apt. 642,Lake Kristymouth,Tennessee,82331,-53.335998,64.7559655
Austin Andersen,34,8471 Perry Parks,Deborahside,Utah,80168,-117.253401,-36.296620
Carla Clark,24,796 Haynes Plains Apt. 213,Wadeville,New Mexico,42798,-25.723830,-66.8381795
Gerald Dawson,74,514 Rodriguez Causeway Suite 284,Pamelachester,Alaska,64117,-1.421045,-86.7831145
Lauren Parks,70,339 Holt Circles Apt. 496,Hernandezstad,South Carolina,05442,96.770553,-7.203251
Kenneth Saunders,70,12339 Thomas Extension,North Carrie,Indiana,24282,-46.201421,25.294005
Stephanie Ross,73,8789 Williams Hollow,West Jay,Montana,19946,-124.706711,-35.1844285
Joshua White,39,0991 Caitlin Lake Suite 146,Fullerfurt,Connecticut,70311,-42.554898,-0.2783985
John Melendez,74,156 Rebecca Vista Apt. 546,South Tinahaven,Iowa,59553,-47.515659,-75.7491085
Devin Pierce,35,4462 Trujillo Neck,West Pamelaborough,Georgia,10236,-172.068102,9.217032
Amanda Harris,44,35381 Jones Isle,South Angelaport,Illinois,36255,143.437828,41.9614745
Julie Avery,79,49301 Logan Skyway,Wilkersonmouth,Wisconsin,22890,106.878637,-39.449397
Lindsay Ward,47,7672 Francis Harbors Suite 744,West James,Arizona,14846,-154.444300,82.0752875
Heather Preston,18,503 Snyder Lakes,Lake Thomasberg,Georgia,56032,117.495814,-89.298655
Mrs. Miranda Aguilar,23,0739 Tucker Pass,Davidborough,Mississippi,89803,79.385421,87.4786025
Katie Ramirez,47,912 Mathew Views,Tammyburgh,South Carolina,96219,138.503347,79.073922
Craig Coleman,73,1680 Cortez Village Apt. 966,Maryborough,North Carolina,02248,-9.095728,-4.0528805
David Finley,33,6300 Cody Views,Aarontown,New York,68888,72.429425,42.817454
Kevin Thomas,19,614 Clayton Lock,New Williammouth,New York,05342,96.457247,-37.397191
Jerry Thomas,61,8586 John Pines,West Theresaton,Delaware,67897,52.053838,44.874168
Kelsey Boone,68,099 Brooks Trafficway Suite 835,Port Kyle,Maryland,87696,-134.771304,-34.729267
Heather Taylor,27,474 Oliver Land,Hornstad,New Hampshire,08879,129.090541,4.8410675
Mrs. Anna Griffin,80,995 Brian Run Apt. 777,Steeleville,New Mexico,58846,-169.685675,-86.578026
Bryan Becker,58,79303 Alvin Trafficway,North Thomasfort,Mississippi,48752,-178.086747,25.0652285
Dr. Christopher Jones,36,2876 Powers Stream,Melissaland,Rhode Island,21688,49.691815,71.763377
Jennifer Walter,27,34272 Gray Tunnel Suite 891,Wheelertown,Georgia,39711,156.153553,29.966653
Kelly Holland,43,939 Dennis Hill Suite 949,Laneburgh,Iowa,92921,-105.555688,-68.4118435
Timothy Barker,38,53989 Brown Curve,Huffmanfurt,Utah,38079,152.000419,-86.763849
William Leach,46,27338 Ramsey Streets,Lake Juliechester,Oklahoma,31898,158.675373,76.8783145
Roger Green,47,380 Ricky Mountain,South Ashley,Idaho,61430,-78.628765,-70.351542
Ruben Jones,62,5127 Stephanie Loop Apt. 684,Davidmouth,Wisconsin,22325,139.502826,-49.742873
Mrs. Sarah Rodriguez MD,38,1314 Holder Plaza,Lake Elizabethborough,Maine,05024,143.688031,23.276609
Margaret Andrews,59,6014 Buck Parks Apt. 708,Drakefurt,Michigan,02057,66.654476,23.6179935
Christy Gonzalez,23,750 Amber Ford Suite 756,Bennettmouth,Wyoming,83667,150.574920,77.329010
Kenneth Vazquez,69,9021 Watts Spur,Duartetown,California,19015,34.544286,-7.4664025
Elizabeth Ayers,57,6595 Bates Lodge,New Brianna,North Dakota,96935,-35.210977,20.7867185
Mr. Stephen Williams,78,80163 Samantha Plaza Apt. 793,Amandatown,North Dakota,21090,-166.668649,66.559858
Donald Turner,18,54387 John Cove,Lake Julie,Arkansas,34448,26.491917,-4.642651
Sara Barber,26,368 Adams Roads,Port Jermaine,Montana,05888,-165.067576,18.2162595
Charlene Rhodes,29,4040 Scott Crescent,Jenniferberg,Arizona,48780,-71.058706,-35.9693535
William Mckee,28,196 Zachary Ways Apt. 296,South Jenniferport,California,01218,-68.120840,51.034309
Sandra Clark,79,09636 David Key,Port Ericside,New Hampshire,89040,98.019921,71.1571575
Linda Smith,59,7342 Nichols Hollow Suite 764,Johnsonfurt,Nebraska,68132,-125.240776,-1.2888445
James Garza,65,88159 Rios Mall Apt. 220,East Tammystad,Oklahoma,98634,-178.662986,-88.4487375
Heather Franklin,62,21146 Perez Harbors Suite 499,Davidmouth,Hawaii,67600,97.367119,30.166596
Molly Livingston,50,75568 Michael Shores Suite 542,South Loristad,Minnesota,18638,150.650163,-60.541940
Stacy Brown,67,824 Abbott Loaf,Garciaborough,Nevada,82039,25.153871,39.8949885
Donald Robles,26,223 Roberts Field Apt. 939,New Billyshire,Kansas,02741,-12.331683,21.153892
Michael Mccall,19,51956 Ellis Field Apt. 486,Jacksonhaven,Alaska,79077,13.475904,-3.5292155
Benjamin Rush,61,667 Marsh Run Suite 191,North Meredithshire,Ohio,51312,121.664064,-34.468482
Thomas Nelson,28,272 Jones Views,New Kendra,Wyoming,25441,-147.388834,12.3945065
Kimberly Mooney,61,911 Robinson Viaduct,Hopkinsville,Connecticut,08791,-169.403874,-78.623427
Robert Price,76,05412 Megan Lodge,Mercerview,Louisiana,25338,56.469718,-88.8796035
Christina Martin,37,2070 Sanchez Keys Apt. 890,Haynesport,Massachusetts,14742,44.729422,20.686222
Richard Mays,50,5540 White Inlet Apt. 532,Jenniferport,Kentucky,02082,-66.598323,63.0749325
Jesus Smith,50,63488 Peterson Square,Timothyshire,Alaska,73804,36.190465,-7.480786
Bryan Mahoney,65,78887 Huffman Street Apt. 403,Port Lancefort,Virginia,27495,137.879058,-47.314137
Rebecca Walker,19,6439 Medina Field,Phillipsburgh,Georgia,81290,49.750166,-46.9446755
Christine Benton,72,35391 Thomas Inlet,Benjaminstad,Rhode Island,62398,115.785655,67.0181805
Paul Trujillo,61,91958 Bonnie Heights Suite 044,North Alicia,Arkansas,47685,-124.691511,-20.821637
Raymond Jordan,61,90519 Miller Extensions Apt. 391,Hodgesmouth,Missouri,11436,94.504282,-40.988951
Daniel Garcia,69,5350 Stacy Valley,Jessemouth,Mississippi,36237,127.397382,-84.9047875
John Blackburn,66,092 Erin Plain,Christopherport,Utah,07836,174.869570,25.210650
Nicholas Clay,73,7496 Silva Spur,North Aaron,Arkansas,22692,23.806830,62.1663095
Rachel Baldwin,47,14868 Jill Inlet Apt. 917,Jamesburgh,Pennsylvania,88106,82.280918,75.511827
Molly Hines,69,5497 Smith Mission,East Rita,Iowa,03499,39.937858,23.6845195
Samantha Jones,25,0719 Jennifer Center,Lake Douglasmouth,New York,15260,-144.766647,-62.3700635
Jason Arnold,64,549 Murray Rapid Apt. 826,East Jennifer,South Carolina,93752,15.371077,-27.6786305
Andrew Brown,29,169 Powell Extensions,Michellehaven,Virginia,56769,-94.229528,67.718776
Nicole Castillo PhD,37,2921 Connor Prairie Suite 429,Lake Wandaland,Tennessee,99277,-147.580960,-43.228486
John Daniel,22,9500 Laurie Curve,West Jamesshire,New Mexico,34757,62.409742,30.1774475
Isaac Baker,73,965 George Pass Apt. 750,Yuburgh,Rhode Island,84837,-34.914557,-31.679156
Andrew Anderson,53,722 Cooper Rest Apt. 387,Tracyview,Louisiana,02352,166.554728,-40.776193
Todd Thomas,58,8464 Patel Pine Apt. 979,Port Dana,Oklahoma,67688,-166.605021,43.016590
Melissa Miller,40,532 Juarez Plains Apt. 100,Stacymouth,Washington,76772,-102.064802,10.380081
Mariah Cruz,64,947 Devin Dale,Martinhaven,Nevada,72768,121.940241,20.0757525
Catherine Lane,69,908 Smith Streets,Burkeburgh,Oklahoma,84375,50.504681,-35.092882
Hannah Perez,21,8690 Jesse Drives,Port Whitney,Rhode Island,03935,174.296893,-22.1294125
Jeremy Hoover,66,386 Phillips Prairie Apt. 577,Hutchinsonfurt,Indiana,92155,-102.859364,79.9493385
Steven Salazar,79,44350 Thomas Shoals,East Jacquelineport,North Carolina,81308,-9.512986,33.4274485
Edward Cowan,41,0309 Susan Islands Apt. 283,North Michaelmouth,Missouri,49176,79.373967,-71.506594
Stefanie Lopez,64,765 Carlos Knoll,Huynhhaven,Texas,98064,-148.637617,-65.1997535
Zachary Mills,74,09480 Wendy Lake,Charlesview,North Dakota,20749,-102.333245,69.206215
Melinda Clayton,18,68012 Wilson Trafficway,Holtfort,Indiana,93777,-160.759545,-8.408996
Emma Bryant,30,7731 Wade Trail,Davidfort,Alabama,19026,-93.501082,3.217141
Lauren Reyes,62,26961 Wood Forest,Dennismouth,Utah,74174,38.110115,11.846519
Stephanie Cooley MD,58,6370 Sherri Extensions,East Terrenceview,Florida,45241,8.710969,2.4432515
Maria Johnson,41,3854 Sims Land Apt. 074,Colemanmouth,Delaware,92655,28.606164,16.186220
Lisa Jones,46,38086 Arthur Keys,Port Trevorville,Kentucky,81674,-50.704719,81.582501
Andrew Cruz,78,88741 Micheal Well,East Beckyborough,South Dakota,25713,-150.255005,27.280160
Julie Gregory,33,7180 Torres Course,Davidstad,Pennsylvania,89762,41.771180,14.5345405
Karen Smith,52,396 Christina Hill Apt. 677,Waltonberg,Colorado,61178,143.593643,-18.090034
Mr. William Norton PhD,60,6767 Williams Points,Jacobsontown,Wisconsin,56964,-158.144842,-15.1313885
Ashley Carter,45,460 Angela Harbors,Carterport,Arkansas,91118,82.310526,-29.496606
Joshua Mills,36,81311 Felicia Lane Apt. 778,Alexanderburgh,Minnesota,07262,13.779025,58.223309
Joseph Villarreal,49,52058 Toni Manor,Anthonyburgh,Nebraska,35604,-101.581670,-56.6849625
Nicholas Murphy,50,848 Lisa Spurs Suite 412,Connerland,Massachusetts,04072,119.350372,-21.6609585
Jennifer Williams,25,627 William Islands Suite 319,Jesseshire,Washington,91561,-59.686023,-0.6217485
Brittany Long,69,1937 Melinda Meadows Apt. 050,North Aprilfurt,Delaware,78995,56.117388,-51.029676
Brian Olson,37,95240 Christopher Club Apt. 512,South Dustin,Arizona,33333,-132.798701,-56.0650315
Ronald Leonard,46,29453 Veronica Pike Apt. 729,North Jason,Minnesota,89726,44.512791,77.1666175
Lynn Cannon,35,9935 Nancy Parkway Apt. 264,Lake Dannystad,Colorado,94349,-153.111658,-49.954914
Joanna Hobbs,65,3316 Burgess Camp,Janettown,California,96612,146.468262,-36.237453
Gilbert Lambert,24,1434 Natalie Greens Apt. 336,Jodiborough,Montana,77947,-35.116705,85.9135595
Janice Johnson,30,149 Weiss Burgs,Adammouth,Michigan,21095,-11.101805,-83.981474
Jerry Ellis,69,00908 Sharon Cliff Apt. 110,North Susan,Rhode Island,20245,110.346239,-78.1707865
Tracy Dodson,38,204 Koch Ferry,East James,North Dakota,70883,-88.504062,41.593606
Manuel King,54,6838 Ryan Motorway Apt. 447,North Ricardoborough,Ohio,09727,75.948393,-84.0797015
Michelle Serrano,76,3014 Ronald Trail Apt. 381,West Dawnchester,Colorado,82279,-102.300798,-64.1514905
Michael Krueger,56,28169 Cameron Loop,Barrettshire,North Carolina,43352,45.931337,54.6288675
Deborah Frazier,53,83019 Sellers Dam,Kristenview,Washington,70303,178.296584,49.2029015
George Fritz,55,9824 Charles Bridge Suite 199,Richardside,Hawaii,61163,101.236528,62.975810
Daniel Lowery,24,0894 David Road Suite 461,Littlemouth,Georgia,09883,-50.161941,6.5962055
John Howard,71,642 Best Spur Suite 594,Sherryfort,Ohio,71885,-39.436640,39.682494
Noah Larsen,35,124 Foster Mountain,Darrylport,Colorado,40999,152.574192,16.7476915
Jonathon Jensen,68,401 Drew Rest Apt. 683,Joshuaton,New Jersey,98737,73.865124,-29.5170855
Steven Wilson,59,4829 Mark Curve,Port Amanda,Iowa,30971,-45.078074,64.4572325
Bryan Dean,42,77503 Myers Corner,South Stephanieberg,Nebraska,67233,6.264620,8.0474055
Michael Reed,78,68722 Reilly Lake,Williamborough,Arkansas,51370,-10.835366,-46.4088365
Mary Mullen,35,7733 Knight Ports Apt. 543,Nelsonport,West Virginia,48988,171.111244,61.460009
Regina Robertson,59,245 Hancock Lodge,Port Robertside,Pennsylvania,99310,29.817964,-26.986280
Ronald Ramirez,23,22640 Hall Bypass Apt. 946,Meaganton,Kansas,77486,5.070284,65.306768
Cassandra Brown,60,71477 Angela Trail,Danielport,New York,49947,35.327486,55.994949
William Bradshaw,78,5708 Laura Lakes,West Samanthafort,Arizona,18486,177.156407,-48.3408585
Andrea Hall,42,0791 Jamie Loaf,North Victoriahaven,New Mexico,09161,-11.879186,-8.211929
Adam Krause,18,84770 Lori Extension Apt. 608,Patelmouth,Indiana,39713,-6.327025,49.8440265
Andrea Schroeder,40,942 David Mount Suite 726,Brianport,Nevada,34376,-26.993149,63.642799
Brandon Johnson,29,99425 Fitzgerald Corners,Lake Samantha,Georgia,14298,161.525456,-23.8646015
Angelica Rivera,48,78866 Terri Street,Kristafort,Michigan,50440,114.281937,-89.9600025
Susan Mclaughlin,51,816 Lydia Mount Suite 982,Lake Victor,New Jersey,48251,168.693416,34.0844625
John Anderson,52,128 Erica Landing Apt. 845,North Erinshire,Georgia,10934,-156.425559,-69.7016985
Erin Gomez,51,32187 Connie Pike Apt. 645,Robertsborough,Arizona,28890,-154.174556,-82.8123025
Billy Boyle,18,78286 Franklin Spur Suite 937,Port Cassandraborough,Georgia,41994,19.965084,43.4976665
Theresa Crawford,43,25755 Edward Extension Suite 906,Hammondburgh,Iowa,87631,-175.683614,-80.8483435
Sandra Baldwin,59,568 Barnes Stream,New Jamieberg,Florida,72580,11.781609,-34.7747805
Barbara Guzman,35,4724 Nathan Forks Apt. 365,Gallowayland,Washington,25359,104.920312,20.3197935
Ashley Carpenter,75,295 Williams Land,New Jonathon,Georgia,11736,113.378206,-46.732009
Marcus Pittman,61,53848 Juarez Mount Suite 560,Port Brandonmouth,Iowa,25463,-5.395816,89.294023
Thomas Lamb,46,925 Jesse Rue,Cooperton,Tennessee,56946,-81.347970,56.4301385
Larry Jackson,60,9460 Lisa Rapid,New Nathanview,Vermont,17540,-14.233944,4.397272
Angela Bryan,52,647 Bradley Parkway,South Adam,Massachusetts,84542,-35.588037,-89.8147645
James Rivera,38,662 Travis Brooks,Port Jessicabury,North Dakota,20077,-162.248421,13.047740
Carolyn Farmer,64,70965 Kara Course Apt. 220,Boonefurt,Colorado,00895,-114.228343,-50.172718
Sharon Hodge,31,807 Madden Center,Woodsville,Tennessee,32980,152.477377,-43.663610
Christopher Rios,42,3719 Moore Light,New Ashley,Rhode Island,28457,54.248719,21.661778
Heather Avila,21,83562 Terri Views Suite 547,Nancyton,Louisiana,18512,-53.268151,82.8737855
Teresa Hernandez,32,120 Barron Mall Apt. 600,Hernandezfurt,Virginia,68683,97.268503,-23.233772
Joanna Jackson,73,19982 Thompson Mountains,East Michaelport,Kentucky,09490,-7.356560,47.7461525
Lindsey Foster,34,55716 Scott Summit,New Jamie,Idaho,39675,-25.586180,13.409752
Caitlin Gomez,20,01988 Cameron Wall,Port Timothy,Montana,00572,26.375989,44.3146705
Charles Turner,73,35562 Dixon Parkways Suite 772,Calvinport,Texas,43945,100.669371,10.785702
Peter Smith,52,74247 Sean Divide Apt. 043,North Aaron,Maryland,69250,125.990812,-84.4286845
Nicolas Marsh,33,393 Tina Squares,North Jamesmouth,Illinois,81684,119.266170,25.1376865
Joshua Blevins,22,32813 Anderson Falls,Benjaminton,Montana,17886,70.089078,71.3328435
Richard Brown,27,28995 James Plains Apt. 188,Dylanchester,Arkansas,38381,31.385393,79.755940
Mark Cannon,56,427 Gonzalez Stream,Andersenshire,Nebraska,27548,81.901930,41.580099
April Wright,26,182 Patricia Inlet,Lake Cameronport,California,50785,93.110105,3.348378
Susan Holloway,65,6418 Brewer Underpass,Ingramshire,Hawaii,01509,114.283896,-4.941397
Erica Kerr,28,3469 Sosa Rapid,Port Julianville,Vermont,75004,-7.336413,5.093746
Dana Lopez,44,49708 Samuel Light Apt. 750,Lake Chelseyville,Arkansas,54381,-51.720689,57.0793235
Brittany Cochran,31,2239 Thompson Street,Powerschester,Oklahoma,42206,-38.038090,47.428762
Laura Chang,69,9540 Colleen Loaf Apt. 050,Marktown,Massachusetts,35761,12.243491,-62.9642275
Mr. John Ortiz MD,30,852 Anthony Viaduct Apt. 322,South Angelaborough,Wyoming,45358,20.296326,39.8512095
Kim Johnson,29,712 Daniel Squares Apt. 185,Stephanieshire,Alabama,26424,164.654326,-52.5596265
Tanya Mcneil,62,381 Brandon Center,South Brittanyland,Montana,53543,50.947797,-76.199956
James Villarreal,61,43353 Allen Route Apt. 201,Derekside,Ohio,64196,-100.060516,47.9932165
Jeffrey Parks,25,2035 Larson Fields,Millerberg,Connecticut,62962,-72.351886,-39.178479
Timothy Hunter,74,7320 Doris Ports,Port Kevinport,Rhode Island,33150,-102.613293,88.143000
Hunter Richard,42,024 Robert Station Apt. 559,Murilloport,Hawaii,95554,107.682417,-22.985343
Robert Dunn,24,230 Gonzales Islands,Whiteview,Wisconsin,65405,-86.627757,-60.3074765
Logan Martinez,32,9125 Kristen Isle,Nicholasmouth,California,80814,-15.413635,61.8213885
Charles Tapia,41,7530 Dunn Ways Suite 468,Janetland,Kansas,24936,-36.922207,-70.076162
Jennifer Osborne,75,35262 Phyllis Glens Apt. 638,Richardfort,Wyoming,10428,-123.142953,60.1251585
Kimberly Hines,52,91510 Theresa Meadows Apt. 642,Stevenmouth,Minnesota,57122,-63.123236,-81.200779
Jeffrey Arroyo,20,712 Braun Cape,Brockville,New York,85522,-35.851485,41.900762
Kathryn Foster,75,9962 Morales View Suite 074,Mcdanielton,Utah,41358,-139.472109,-66.4224935
Michael Jones,77,51660 White Wells Apt. 071,Lake Michelle,North Carolina,59683,-42.299978,26.510974
Steven Jenkins,61,592 Castaneda Curve Apt. 922,West Richard,Oregon,97366,34.765367,-66.1960435
Kaitlin Barnes,19,64451 Cantu Lights Apt. 812,Dominiquefurt,Minnesota,38516,-41.301152,-67.7669175
Theresa Vazquez,22,55108 Connie Inlet,Port Jeffreybury,Rhode Island,59254,104.112973,-46.272165
Gina Collins,28,11581 Miller Lodge Apt. 304,East Danieltown,Michigan,80378,80.797316,-39.537365
Michele Castaneda,43,74912 Williams Station,New Jamesville,Virginia,00704,-85.833139,73.979184
Jill Gomez,73,25845 Tucker Glens,Devinshire,Delaware,80999,140.494549,45.3054345
Mrs. Nicole Carrillo,36,417 Lamb Lodge,Chamberschester,Wisconsin,23927,-41.856313,-68.522100
Roger Williams,31,259 Adams Meadow Apt. 003,North Lisa,Georgia,49822,138.024989,14.822201
Kyle Luna,68,864 Greg Plaza,Lake Michael,Oregon,64554,-78.100007,-58.079726
Russell Sanchez,79,8181 Huff Avenue,Patrickview,Michigan,50139,138.786571,-12.8172585
Willie Watson,26,714 Griffin Burg,South Johnnyburgh,Arkansas,31186,-79.224836,-9.8635115
Sheila Martinez,65,054 Schneider Points,Mcgeemouth,Tennessee,53765,25.958774,-28.470930
Katie Blackwell,38,765 Frank Rapids Suite 971,North Andreaberg,South Carolina,95595,52.716381,6.124086
Penny Carroll,77,95955 Buckley Passage Apt. 666,Hurstberg,Vermont,07783,34.927478,27.916256
Brandon Nguyen DVM,24,842 Susan Station Apt. 772,Ryanbury,Oklahoma,02941,136.141772,-65.719728
Jeremy Watson,77,920 Bruce Circles,South Pamela,Louisiana,12792,-85.240120,-41.282575
Stacey Freeman,72,082 Keller Circles Suite 225,West Patrick,Florida,45973,-25.616911,38.0404465
Cindy Sandoval,38,93847 Kathleen Grove Apt. 382,Donaldsonchester,Kansas,68688,-35.592226,-39.9166065
Anthony Morrison,53,2132 Harmon Keys Suite 277,Port Karlaborough,Washington,13845,-58.465111,-28.2863955
Michelle Cole,53,0403 Higgins Fords,Ronaldside,New Hampshire,83996,11.666996,-73.077339
David Nguyen,77,5213 Morales Mountain,South Patricia,Florida,40136,90.945095,-46.4473925
Michael Friedman,52,878 Mcclure Knoll Apt. 155,East Tara,Montana,31982,-152.289945,-82.6852855
Jane Moore,78,422 Miller Trail,South Joseph,Montana,30961,152.125563,31.3469435
Angela Flynn,78,29009 Jose Unions,South Alan,Nebraska,88330,-152.506384,-23.530632
Kayla Brown,45,100 Hunter Island,West Nicholasland,Delaware,73603,12.478990,-53.5109205
Tracy Dixon,51,105 Hansen Stream,Alexisstad,Wyoming,70526,63.425008,-24.8608595
David Gordon,52,7334 Sullivan Turnpike,East Lisaburgh,Wisconsin,51134,167.660447,-84.6090135
Rachael Johnson,29,540 Daniel Parkway,Lake Elizabeth,South Dakota,19940,85.009908,-21.476979
Jessica Barron,60,412 Adam Flat,Lake Thomasfurt,Kansas,22343,-91.714562,38.5474585
Wendy Bowen,55,9414 Jennifer Well,New Joelmouth,Mississippi,37469,136.857962,37.8055255
Paul Wood,64,8352 Andrew Valleys Apt. 329,Lake Tammymouth,Texas,26603,-47.054514,-11.459360
Robin Mcbride,36,0216 Samantha Freeway Suite 017,West Melissa,Pennsylvania,25097,33.944954,12.093031
Michelle Dunn,48,545 Alvarado Locks,Port Shannonland,Montana,79377,88.386458,35.742120
Lorraine Kaufman MD,70,22968 Jennifer Valleys,Port Reginashire,Florida,68018,57.308126,79.1465645
David Haas,53,335 Rubio Cliffs Apt. 242,Millerview,Georgia,34876,55.230917,-41.707953
Jeremy Martin,60,471 Jennifer Meadow,Lake Elizabethview,Connecticut,38619,73.290985,-67.0521375
Elijah Burton,27,0527 Robert Walks,Rodriguezshire,New Mexico,17736,-96.833939,14.0029395
Deborah Phelps,25,767 Curry Springs Apt. 188,Lopezview,Oklahoma,39960,-179.145280,4.2511315
Bryan Hunter,33,60597 Alexis Squares,Thompsonfurt,New Jersey,34337,-113.206262,-15.8460025
Sarah Mcdonald,46,64611 Ross Radial Suite 814,New Isaacton,West Virginia,68390,-104.681029,63.4254245
Connie Griffin,44,2024 Phillips Shoal,South Monica,Maryland,07957,-132.845283,31.184976
William Cox,41,475 James Stravenue,Port Melissa,Wisconsin,43681,-74.113140,-43.067262
Dylan Kaufman,37,67216 Hernandez Rest,New Douglas,Maine,43864,85.389356,65.341006
Curtis Hall,29,463 Jason Roads Suite 328,Brandonside,Ohio,98691,-29.797068,-3.2299275
Ricardo Smith,44,303 Strong Neck Suite 635,Port Sarahshire,New Jersey,39737,94.096017,1.6406115
Gary White,33,721 Perez Garden Suite 193,Joshuaburgh,Indiana,48626,37.766321,64.119695
Amanda Marquez,45,7598 Guzman Landing,Michaelland,Virginia,71800,110.028856,44.1492975
Shaun Pugh,19,9150 Charles Cliffs,Villachester,North Dakota,43413,-146.522658,-53.1085035
Pamela Murphy,65,5453 Tara Underpass Apt. 848,South James,Oregon,13287,151.075671,-82.160289
Lauren Keith,56,0519 Robin Pike,West Aaronside,Wisconsin,84654,-107.606566,-74.2933975
Jennifer Green,80,66606 Christina Rue Apt. 565,Juarezville,Hawaii,69843,42.866731,-12.269647
Betty Marks,22,46919 Thornton Orchard Apt. 510,Lake Jillianmouth,Utah,61918,133.872703,-85.439940
Yvonne Parsons,42,4186 Stephen Vista,Danaburgh,California,12271,165.194712,66.3911875
Nicholas Mathis,71,78945 Amber Plains Suite 711,North Jamiemouth,Indiana,47049,-47.946509,80.6600815
Angelica Mullins,72,023 Jones Mountain Suite 956,Port Sophiahaven,Maine,65191,-23.598218,-57.6009755
Sharon Bailey,41,265 Jennings Villages Suite 075,Markborough,Oregon,88973,130.539664,0.2479765
Ryan Jordan,59,8254 Ayers Greens,Lake Tony,Montana,98918,-36.407745,89.635418
Colleen Norton,52,52442 Edward Key Apt. 132,Martinville,Minnesota,11959,-152.004254,78.2088575
Mark Vazquez,71,748 Nelson Glens,Philipmouth,Illinois,06205,-148.251173,33.605255
Dr. Walter King,26,98578 Stephanie Tunnel Apt. 742,South Rickyport,Idaho,66925,-155.048219,-37.0666855
Katie Strong,60,566 Adkins River Suite 584,West Katie,Mississippi,31391,-143.196597,-30.922580
Steven Smith,49,26444 Shawna Court Apt. 006,Stricklandberg,North Carolina,19399,84.442409,-6.1511075
Ashley Davis,25,422 Kevin Drive,West Michaelland,Oregon,02680,87.106411,79.4989185
Sheryl Ray,80,00345 Rhonda Spurs,Laurastad,Maine,29988,138.239972,14.365486
Courtney Williams,55,9465 Jenny Drive,Cindyburgh,California,09547,-107.445578,-88.4636625
Megan Rogers,53,774 Robinson Drives Suite 439,Allisonshire,Delaware,94862,-19.988362,-33.6954045
Patricia Gomez,77,686 Best Road Suite 729,Lake James,Alabama,76880,100.444934,-56.7552805
Robert Richmond,70,8223 Deborah Extensions,West Abigailhaven,South Carolina,84730,-79.927640,-7.263985
Gregory Foster,44,6081 Patricia Flats,East Tabitha,Nevada,82460,-25.900511,-80.690146
Vanessa Ashley,28,075 Amber Burg Suite 752,Williamschester,Georgia,14990,63.240307,-47.285775
Misty Henry,71,45474 Roth Trafficway Suite 394,Hannahborough,Missouri,40541,53.424988,-4.918151
Stephanie Bass,25,429 Davenport Corners Apt. 578,Duranbury,Montana,86909,176.291179,-83.419604
Felicia Campos,78,85485 Martinez Views,Alexandraburgh,Arizona,10938,105.936582,-25.5014685
Rachel Castillo,25,554 Jennifer Center Apt. 485,Lake Mariaburgh,New Hampshire,84734,-154.716745,-45.2229135
Wendy Haas,77,1234 Morris Avenue Suite 818,Stewartfort,Pennsylvania,96499,-90.994760,4.015368
Monica Williams,46,044 Bailey Village,Beanshire,Arkansas,89334,-159.732810,-42.6409285
Julie Stone,78,044 Christopher Lodge Apt. 246,Richardsland,New York,09526,-130.057758,15.698596
Brett Baldwin,22,10727 Elizabeth Trail,Maureenfurt,North Carolina,59720,-63.957835,-47.7527385
Sandra Hernandez,71,9295 Jacqueline Trace,Thomasville,Maryland,59990,77.624588,-83.3526495
Brandy Harrison,72,0693 Angela Drive,East Hailey,Montana,69383,108.683203,80.991578
Corey Shea,23,393 Eric Dale,Lake Phillip,Indiana,22546,-21.928944,82.908980
Ashley Martin,65,5148 Jennifer Trace Suite 053,Cookbury,Arkansas,02417,-63.605714,-25.025479
Lauren Andrade,77,175 Harris Lane Suite 698,West Kathryn,Oklahoma,28521,54.393187,71.422455
Wendy Johnson,72,845 Fowler Valleys Apt. 192,Jonathanberg,Maine,75374,92.795190,-39.521609
Kimberly Lyons,53,120 Williams Crossroad,Rojasberg,Maryland,67143,-64.151537,0.538465
Gregory Mueller,55,18942 Martin Plains,East Andrewstad,Connecticut,19611,115.428856,-27.5516785
Jake Smith,64,092 Jessica Heights Apt. 101,New Teresamouth,Maryland,74206,129.110365,-52.0800535
Matthew Evans,34,114 Greene Stravenue,Vasquezview,Indiana,80927,4.193786,-77.2949365
Paul Miranda,73,3401 Figueroa Creek Apt. 597,New Joshua,Virginia,63651,-115.559306,-35.5631645
Shawn Jones,33,541 Smith Key,Antoniostad,Missouri,89449,-59.529246,18.9929595
Kevin Allen,45,692 Andrew Forest Apt. 356,Port Kathleen,Illinois,78357,-178.087937,63.7215335
Cathy Liu,79,519 Christina Centers,Sharonton,South Carolina,99175,23.386701,-81.737849
Donna Johnson,35,295 Ray Dale Suite 943,Franktown,South Carolina,57952,30.450617,-45.5401125
Maria Jordan,30,2757 Dale Vista Apt. 417,Hughesburgh,Montana,50186,-8.318863,7.752399
Sarah Carter,41,29682 Brian Crest,New Steventown,Indiana,03337,-73.706201,-80.572734
Melissa Thomas,24,066 Melton Fork,Shortberg,North Carolina,66331,-139.369924,40.649753
Debra Medina,31,541 Miller Grove,Hendersonfurt,California,90172,72.404943,-51.031976
Tammy Hampton,24,893 Wilson Flat Suite 501,Flynnside,Indiana,56479,116.982819,-31.0145515
Miss Linda Bailey,48,038 Bradley Curve Suite 098,Lisafurt,New York,90277,-170.588872,31.315861
Brittney Sparks,42,837 Bullock Walk Apt. 292,Ralphview,West Virginia,15151,159.243491,-7.2025635
Susan Guerra,62,77132 Rebecca Walks Suite 622,Carlton,Arizona,78793,33.751882,86.321968
Larry Long,51,743 Dunn Cliffs Suite 424,North Isaac,Montana,71932,-68.531893,23.1981765
Kevin Smith,65,437 Joseph Villages,East Brenttown,Oklahoma,39943,-111.683933,-23.127019
Kayla Wilson,20,95461 Anthony Vista Suite 496,West Jamesville,Alaska,75515,-86.367979,32.874602
Beth Smith,69,7549 Hill Haven Suite 684,North Stacey,Rhode Island,56688,107.146446,-49.5930405
Thomas Scott,29,16507 Bentley Port,Susanfurt,Missouri,82421,11.066381,55.110314
Steven Mcclain,77,1082 Boyd Prairie,East Scottshire,Montana,91636,53.542518,-38.421935
Scott Burgess,75,17494 Kyle Vista Apt. 674,West Jill,Missouri,06866,-149.455576,-73.7648215
Allison Smith,22,9228 Arroyo Mount Apt. 747,Port Phillip,Ohio,70362,-116.451195,54.6367575
Michael Cole,46,829 Clements Grove Suite 155,Harrisonland,Minnesota,52835,-139.605489,-36.4731795
Tyler Young,68,719 Jeremy Spring,Port Jamesshire,Arkansas,96398,133.711426,-47.5746055
Kellie Mason,44,524 Alvarado Cove Apt. 033,Travisborough,Illinois,11267,17.590998,12.4866425
Carlos Parks,50,2427 Sarah Shores,Reginamouth,Colorado,95869,63.835555,-38.148381
Kristina Mendoza,23,4791 Hill Corner Apt. 521,South Eileen,Connecticut,63329,74.693815,14.4820135
Lauren Ramirez,64,1400 Traci Junctions,East Robert,Idaho,29490,21.189606,77.3084555
Christine Lopez,29,829 Glenn Trace,New David,Arkansas,43200,-148.455620,-7.9732765
Jacqueline Espinoza,54,76424 Javier Turnpike Apt. 595,Lucasland,Maine,43219,-85.145403,36.708611
Lance Armstrong,44,3626 Jane Ferry Suite 643,New Jimmy,Colorado,72894,101.381048,-22.6215885
Chad Wilkins,79,1472 Hall Mountains,Lake Rogerborough,Idaho,10085,33.394560,-28.4905135
Craig Young,73,5726 David Shores,Masonton,Montana,61100,-37.438967,80.2404035
Shelley Graham,45,292 Day Brooks Suite 093,Lake Larrychester,New Hampshire,84986,96.339001,33.0503005
Sarah Patton,47,92648 Anderson Island,South Mariaburgh,Oregon,96164,47.486546,88.2291695
Danielle Nelson,50,68624 Robert Mills Apt. 196,Laurenfort,Wyoming,45191,56.318898,-8.5219505
Blake Macias,66,37456 Joshua Knoll,Aliciaborough,Wyoming,37095,28.411089,37.5912925
Reginald Ramirez,68,8023 Willie Cliffs Apt. 796,Kathyfort,Colorado,93462,-4.243556,-43.9031225
Lisa Savage,41,43703 Roger Squares Suite 821,Heatherville,Massachusetts,65383,151.334878,-81.6740955
Jorge Gillespie DDS,61,106 Rivera Station Apt. 391,Armstrongchester,Virginia,28174,-66.099309,-27.923369
Jamie Ramsey,30,795 Brennan Plaza,Figueroashire,Kansas,73535,82.616134,-18.3406625
Kathryn Smith,78,07686 Ian River,Dawnside,Maryland,65037,-97.829215,-77.220893
Destiny Brown,65,584 Dennis Common,Millerbury,Arkansas,72553,-61.146696,-86.3102235
Michaela Zhang,77,0853 Fischer Via,North Charles,Nevada,34311,-120.381703,-45.433230
Nicole Zhang,62,46292 Cole Valley Suite 103,New Marymouth,Minnesota,46876,-146.791858,-44.170734
Stephanie Velasquez,53,3185 Rhodes Springs Apt. 148,Kyleville,North Dakota,09093,66.996795,-25.254744
Elizabeth Jackson,21,336 Cruz Orchard,East Jeffrey,Utah,25071,79.399048,-5.3938525
William Anderson,73,9427 Lisa Estate,Stevensonberg,North Dakota,81457,89.773399,-20.1895945
Denise Martin,65,396 Simmons Vista,New Ashley,Minnesota,42019,-10.110701,-38.7134485
Jessica Guzman,64,591 Myers Glens Apt. 595,Odommouth,Louisiana,15137,-69.448608,50.152938
Christie Tanner,59,868 Kelli Unions Suite 243,West Jonathan,Maine,57227,-79.363854,-51.1962305
Adam Ellis,45,0020 Lisa Turnpike,Port Andrea,North Carolina,29906,38.288200,-0.932021
Jacob Jones,27,542 Rodriguez Wells,Lake Thomas,Arizona,64819,-109.006821,83.4399995
Christina Goodwin,66,4095 Ann Brooks Apt. 105,West Catherine,Wisconsin,11025,-96.673372,68.324172
Deborah Price,55,19227 Matthew Falls Apt. 346,Lake Heidifort,Wisconsin,65097,-106.010889,-29.9143995
Stacey Lopez,54,37561 Houston Mountains,Lake Steventown,Maryland,88092,139.122743,11.663470
Seth Mason,71,497 Kyle Parks Suite 968,Stevenmouth,South Carolina,05745,125.996078,12.0561325
Larry Ward,64,1785 Jody Road Apt. 205,North Nicolefort,South Dakota,60694,-104.357058,79.045814
Chad Mcpherson,46,8284 Courtney Terrace Apt. 010,Taylorburgh,Vermont,33007,61.998783,-64.352186
Mark Campbell,76,760 Matthew Orchard,Hayesview,Alabama,60369,-136.505001,37.4890945
Tyler Gonzalez,75,37638 Steven Freeway Apt. 285,Heathermouth,Pennsylvania,77604,-100.918619,-1.9309485
Marie Webb,53,20463 Ramsey Spur Suite 309,Stephaniestad,Massachusetts,36040,99.143865,35.172052
James Alvarado,55,356 Martin Spring,East Christopher,Kansas,48488,-47.025252,-38.212540
Manuel Curtis,76,5759 Andrade Walk,Lake Sarah,Louisiana,34425,-150.668610,-16.2408375
Shane Martin,38,95424 Angelica Courts Apt. 357,Lopezfurt,Vermont,73552,-67.854076,-37.328601
Abigail Moran,49,4152 Thomas Estates Apt. 438,Jessicaton,South Carolina,70420,-39.893883,82.830203
Patrick Wood,80,1461 Matthew Loaf Suite 859,North Joelville,Oklahoma,36482,-170.587429,-37.879790
Michael Jackson,64,8274 Mitchell Path,North Michaelton,New Jersey,53875,11.396904,-88.1265315
Daniel Simmons,51,158 Glass Falls Apt. 296,Amyland,Minnesota,93009,-163.696897,-74.6588535
Mark Scott,38,296 Nicole Hill,Hoodview,Washington,78561,121.357272,18.478475
Cameron Romero,22,838 Hayes Dale Suite 763,Moorebury,South Carolina,85902,-147.444803,59.5689625
Sarah Anderson,64,917 Fletcher Wells Suite 843,Hillmouth,Maryland,51701,-82.411747,-11.4835785
Shawn Hendricks,63,482 Ferguson Green Suite 241,East Michelle,Virginia,52944,80.546591,-63.7939595
Wendy Keller,75,79373 Dawn Causeway Apt. 694,Alvareztown,West Virginia,41859,108.370896,-69.7268875
Brad Ortiz,51,9644 Herrera Neck Suite 184,Elizabethport,North Dakota,83698,-28.861276,-7.950108
Anthony Mccarthy,22,4851 Gabriela Springs Apt. 961,West Matthew,Utah,80672,64.267212,-52.6377165
Amy Bishop,67,66022 Maynard Crescent Apt. 314,Derekburgh,Massachusetts,11762,-53.257301,-71.704402
Richard Weiss,20,2245 Karen Branch,North Matthewhaven,Ohio,00621,82.263045,32.1533395
Tanya Patterson,35,8404 David Green Suite 698,Michaelburgh,Washington,67462,-45.405834,52.6459325
Courtney Coleman,76,74773 Stevenson Greens,Zavalamouth,Alaska,31943,-51.800880,31.5039535
James Carter,27,5773 Carter Extension,East Craig,Georgia,97060,-19.203332,-85.145853
Joseph Conrad,62,354 Anderson Street,Davidborough,Virginia,79715,67.662239,-2.630356
Deborah Ramsey,27,97741 Crane Alley,Glennstad,Alabama,54914,170.284467,-83.9935365
Bailey Mccall,64,71706 Wilson Highway,Norrisstad,Florida,29132,173.771651,-28.2132485
Dr. Kyle Perez Jr.,37,2053 Kelly Motorway Apt. 741,Johnsonview,Hawaii,16317,-123.662239,22.9287515
Heather Chan,39,3351 Seth Plaza Apt. 264,Antoniochester,North Dakota,75290,-118.957250,78.8391205
Sarah Hardy,58,708 Smith Vista,Brennantown,Maine,07105,-78.627677,-66.8176005
Veronica Cook,25,673 Powell Keys,Nolanside,Indiana,27186,-139.627251,83.446751
Stephanie Carroll,68,08712 Harper Tunnel,North Nancyhaven,South Dakota,25545,-128.123698,-71.4448255
Michael Todd,41,667 Shawn Skyway,North Joseph,New Mexico,31986,117.901899,-14.317530
Ashley Vazquez,26,700 Sarah Meadows,Lewisborough,Mississippi,38696,73.181210,11.908056
Whitney Trevino,20,01507 Carla Rapids,East Christine,New Mexico,28987,161.692384,-85.7108385
Timothy Lang,64,08194 Christopher Junction Suite 944,West Erin,Montana,25967,153.364004,43.325672
Michelle Fuller,28,81905 Darius Alley,South Johnville,New Hampshire,66996,-28.811960,43.212780
Tina Clark,54,909 Kelly Hills Apt. 551,Port Deborahland,Vermont,63436,166.227749,-66.092621
Mackenzie Ruiz,36,180 Sutton Radial,Hernandezborough,Maryland,49928,155.660683,22.727656
Amy Delacruz,73,495 Mahoney Dale Apt. 697,Jonesstad,New Hampshire,99772,-137.120517,56.9857295
Anthony Bridges,61,80908 Browning Ville,Seanshire,Connecticut,03265,-162.400657,63.6828645
Katie Black,46,26532 Parks Fords Apt. 820,North Markmouth,North Carolina,38094,100.406190,-4.4074525
Bradley Davis,69,70325 Estrada Plaza Apt. 922,Lake Melissa,Utah,43655,-174.595835,81.897748
Julian Tucker,71,012 Regina Road,Carlsonview,Arkansas,35195,-12.300309,14.946566
Edward Herrera,79,95218 Teresa Neck Suite 722,Carriefurt,Missouri,84235,64.578628,47.474909
Brandon Stephens,38,981 William Ferry,North Robertshire,Iowa,01675,-17.525904,58.819659
James Sellers,56,96458 Bailey Lake,Port Emily,Nebraska,02918,38.235679,11.3561495
Jack Murphy,42,6363 Allen Tunnel Apt. 183,Meghanstad,New Hampshire,58801,-42.995911,25.252395
Daisy Carlson,49,7698 Cheryl Drives Suite 013,East Patriciaton,Arizona,03349,143.349012,-53.295972
Michael Goodwin,38,97635 Jackson Vista,East Laurieside,North Dakota,50712,-75.528317,-25.239997
Paul Gilbert,72,9985 Michelle Causeway Suite 659,Lake Amyside,North Dakota,31071,-80.303225,-85.5226475
Nathan Atkins,37,236 Pena Drive,East Kristina,Illinois,32371,-173.513698,-14.5054165
Victoria Walker,68,39825 Moore Mission Apt. 071,New Jefferyton,Tennessee,94358,-171.488670,-37.644212
Laurie Howard MD,33,911 Theresa Cliff Apt. 091,Jeffreyfurt,West Virginia,66713,-158.070790,-36.9790305
Richard Zavala,26,9716 Philip Islands Apt. 723,East Angelaville,Maryland,96977,84.865680,-88.5080775
Jennifer Baxter,29,7843 Mark Rest Apt. 917,Boydshire,Nebraska,21746,38.529078,-26.3731815
Jonathan Taylor,76,886 Smith Shore Apt. 478,Bauershire,Colorado,94226,2.538650,22.1166725
Randall Johns,23,66191 Russell Wells,Lake Cynthia,Oregon,86494,-8.462909,64.8531785
Kristin Goodwin,54,881 Hector Course Suite 988,South Michelle,Montana,79545,159.442511,-69.441121
Christopher Brown,35,754 Nicholas Village,Gregorybury,Maryland,20623,-141.381520,54.1932465
William Jordan,61,06376 Jacobs Tunnel,North Allisonfort,Virginia,76368,174.229218,35.9175715
David Acevedo,32,598 Reynolds Pike,New Josephmouth,Alabama,05396,177.595035,41.089166
Dr. Richard Byrd DDS,20,3640 Anthony Fords,Jonesview,West Virginia,72177,-1.722492,66.278632
Anthony Moore,18,38013 Frances Court Suite 723,East Melissamouth,Arizona,34655,-18.783187,21.4739905
Lisa Hill,29,730 Oneill Path,Costafort,California,26566,40.066632,11.542906
Stephanie Welch,28,7114 Mills Grove Apt. 538,Anthonyshire,Illinois,17607,-52.568819,42.4141595
Charles Scott,73,6976 Cobb Ferry Suite 335,West Michelle,Hawaii,27753,119.870560,23.8514575
Alan Gonzalez,34,653 Katelyn Summit,Lake Kristenborough,North Dakota,04531,103.537566,47.059550
Philip Walton,44,34600 Perez Oval Suite 805,North Michael,Illinois,88521,42.513759,1.8192585
Robert Barnes,26,0872 Flowers Ferry,Port Howard,Virginia,86752,-123.535019,29.633672
Kristina Snyder,29,1994 Brown Ferry,Port Walterside,Virginia,16372,9.878501,-11.417463
Stacey Taylor,20,026 Eric Valley Suite 735,Lake Deborah,South Carolina,25224,108.961389,29.761322
Dawn Freeman,48,0237 Mitchell Cape,South Lisa,Arizona,89467,176.935493,-49.009882
Robert Huffman,19,3917 Pamela Hills,Duncanshire,Indiana,64240,-29.616103,-56.374849
Amy Dalton,70,74433 Martinez Unions,Julietown,Georgia,89142,169.812215,-75.9754545
Crystal Hall,35,7392 Beck Crossing,Gordonbury,Nebraska,96087,-94.942788,-69.383431
Samantha Marquez,32,5188 Mark Pine Apt. 554,Lake Christine,Maryland,13727,136.710843,-36.5510475
Elijah Houston,38,71566 Salazar Camp,New Natasha,Washington,91180,-40.055791,-53.803660
John Long,75,706 Smith Expressway Suite 042,West Peter,Nebraska,92115,65.706705,-39.8794905
Zachary Miller,40,178 Johnathan Islands,Peterview,Ohio,89312,21.047665,-36.313013
Alisha Bradley,50,33694 Jones Mountains,South Bailey,Iowa,84434,-76.354075,-77.2913895
Ian Duncan,41,342 Jimmy Plaza,West Alicia,Wyoming,76210,-60.064885,77.7083495
Stephanie Brennan,23,136 Stephen Walk Apt. 859,Robertport,Pennsylvania,70378,41.131190,-3.7959645
Mary Sanders,30,431 Kristen Keys,Josechester,Kentucky,98977,76.859430,53.845462
Deanna Caldwell,60,861 Heidi Stravenue Apt. 404,South Jordan,Missouri,41285,-29.394093,-40.2560945
Ryan Carter,68,4528 Butler Heights Suite 649,North Patriciatown,Virginia,39430,-88.618279,-4.5536665
Michael Goodman,64,448 Jill Alley,Port Michael,Iowa,72970,-22.709360,-63.7881085
Jeffrey Garcia,74,043 Andrew Divide,Foleyville,Nebraska,93458,24.727124,-27.8314155
Jeremy Collins,68,15807 Louis Lane Apt. 838,Jonathanfort,Missouri,90723,120.814868,-67.947973
Lisa Craig,61,7583 Megan Ports Apt. 329,Alvaradoland,Maine,02228,-63.712733,-8.029540
Jamie Levy,70,3594 Phelps Views,Lindaville,New Mexico,22748,169.301543,21.2758345
Robert Garcia,71,081 Michael Isle Suite 950,East Edward,South Carolina,47916,8.750987,-66.667958
Justin Henry,69,33737 Carter Flat Apt. 339,Lake Paulville,Maine,78412,85.272994,-88.2890615
Linda Johnson,70,872 Morgan Stravenue Suite 830,Contrerasberg,Connecticut,97659,173.572229,-80.4288025
Carol Mckee MD,78,243 Lauren Drives Apt. 419,Lake David,Idaho,31476,-88.498834,-64.2912125
Bryan Peters,36,59304 Judith Junction,Rickyhaven,Utah,05539,61.053445,77.6712335
Leslie Avila,63,9094 Paula Ville Suite 595,Baldwinfort,Indiana,24960,-57.765036,34.6228675
Thomas Lopez,70,928 David Village Suite 660,Port Natalietown,Oklahoma,58480,-70.612584,60.9512545
Jacob Hernandez,68,665 Seth Points Suite 971,Port Loriville,Ohio,16634,-117.369566,-28.260659
Robert Harris,72,5677 Conway Expressway,East Erin,Massachusetts,42224,34.927422,8.242258
Jeffrey Hall,52,04383 Barbara Pass Suite 875,Lake Lynn,Utah,18920,-160.089544,-21.1679705
Christina Cruz,42,6997 Gonzales Rapids,Port Justin,Tennessee,27090,-115.516445,10.8217495
Tyrone Wright,18,5430 Hunter Meadows Suite 957,Robinside,Indiana,27799,126.387500,32.058268
Katelyn Bauer,21,05220 Tim Village,Daniellemouth,California,68456,-110.248555,23.939957
Terry Fox MD,25,1207 Gay Mountain Apt. 862,Monicaville,Michigan,09648,-174.754525,47.4843095
Emily Morris,37,74074 Bradford Circles Suite 406,East Michaelborough,Washington,31033,122.723447,-85.978236
Daniel Hansen,21,3004 Sergio Spur,New Ellen,Indiana,94674,-39.374766,-3.9093335
Anthony Castro,73,2517 Camacho Spurs Suite 519,Port Diane,Massachusetts,10672,127.389479,-62.2363285
Molly Robinson,20,03010 Danielle Inlet Suite 982,Jeremybury,Ohio,40429,77.981692,-5.5068815
Diana Hale,66,28714 Rebecca Course Suite 977,West Jesus,Delaware,73928,167.717885,-21.8250115
Laurie Harmon,78,9933 Ronald Points,Thomasfort,Washington,63410,60.160928,-54.767152
Ashley Olson,35,765 Melinda Extension,Jenniferstad,Missouri,13355,-38.776475,-52.390991
Louis Patterson,22,036 Laura Cliffs Apt. 761,Hawkinsfort,Maryland,17694,177.380107,-37.231846
Alicia Wright,63,805 Vanessa Cliffs Apt. 690,South Tina,Michigan,51144,-121.965094,-79.437903
Samantha Potts,35,759 Keith Fork Apt. 488,Monicamouth,Louisiana,07725,137.266240,-60.022196
Scott Downs,26,49463 Clark Creek Apt. 399,Lisaburgh,Missouri,36008,-22.806616,38.9916965
Jennifer Powers,40,22263 Olsen Plaza Suite 779,East Chris,Wisconsin,25470,157.514697,75.950826
Kimberly Woods,61,079 Stephen Turnpike,North Gregoryborough,New Jersey,84338,131.965021,-46.9432195
Amy Baker,39,9948 Elizabeth Underpass,New Alanshire,Tennessee,21662,129.492953,20.3752015
Meagan Walton,45,858 Brown Mount,North Pamelaview,Minnesota,70022,16.488142,3.3762725
Scott Bowman,25,499 Day Shore Suite 421,Keithport,Wyoming,01742,141.352006,-20.7501175
Wendy Villegas,23,683 Guzman Pass Suite 204,East Robert,Arkansas,26160,27.269255,-52.347498
Brandi Carr,68,525 Graham Centers Apt. 034,Port Zoeshire,Virginia,09647,93.419976,19.2123345
William Rodriguez,51,953 Lee Glen,Jonathanfurt,Virginia,23802,90.781138,34.441144
Katherine Harris,70,41576 Alexander Creek Suite 698,West Tammyville,North Carolina,79835,-0.210796,-58.6975595
William Miller,37,717 Ashley Tunnel Apt. 811,North Matthew,Louisiana,34097,26.743760,-69.8432785
Deborah Hanson,51,1308 Conner Ranch Apt. 343,Bakerfort,North Carolina,13153,37.961102,-69.0385045
Martin Glass,39,542 Lisa Crest,Lake Jonathan,Oregon,14533,151.401454,-7.4488705
Todd Butler,34,6897 Laurie Road Suite 237,East Richardfort,Florida,25753,57.646478,-57.1025245
Michael Allen,23,79306 Holly Pass,North Richardfort,New York,81829,136.217413,-5.084940
Jared Russell,78,5944 Amy Corners Suite 425,New Bernardstad,Wisconsin,26059,-23.481488,47.397037
David Williams,23,09595 Kenneth Street,West Patrick,Iowa,63843,-46.512764,82.5243955
Mrs. Kaitlyn Singleton,59,6577 Coleman Garden,Higginshaven,Ohio,40208,12.405441,11.613258
